-- phpMyAdmin SQL Dump
-- version phpStudy 2014
-- http://www.phpmyadmin.net
--
-- ä¸»æœº: localhost
-- ç”Ÿæˆæ—¥æœŸ: 2018 å¹?11 æœ?20 æ—?08:03
-- æœåŠ¡å™¨ç‰ˆæœ¬: 5.5.47
-- PHP ç‰ˆæœ¬: 7.0.1

SET SQL_MODE="NO_AUTO_VALUE_ON_ZERO";
SET time_zone = "+00:00";


/*!40101 SET @OLD_CHARACTER_SET_CLIENT=@@CHARACTER_SET_CLIENT */;
/*!40101 SET @OLD_CHARACTER_SET_RESULTS=@@CHARACTER_SET_RESULTS */;
/*!40101 SET @OLD_COLLATION_CONNECTION=@@COLLATION_CONNECTION */;
/*!40101 SET NAMES utf8 */;

--
-- æ•°æ®åº“: `weila`
--

-- --------------------------------------------------------

--
-- è¡¨çš„ç»“æ„ `wl_active`
--

CREATE TABLE IF NOT EXISTS `wl_active` (
  `aid` int(10) NOT NULL AUTO_INCREMENT COMMENT 'ç‰¹æƒ ID',
  `aimage` varchar(255) NOT NULL COMMENT 'ç…§ç‰‡',
  `acontent` text NOT NULL COMMENT 'å†…å®¹',
  `atime` varchar(100) NOT NULL COMMENT 'æ—¶é—´',
  `atitle` varchar(100) NOT NULL COMMENT 'æ ‡é¢˜',
  `asort` int(10) NOT NULL COMMENT 'æ’åº',
  PRIMARY KEY (`aid`)
) ENGINE=MyISAM  DEFAULT CHARSET=utf8 COMMENT='ç‰¹æƒ ä¿¡æ¯è¡¨' AUTO_INCREMENT=2 ;

--
-- è½¬å­˜è¡¨ä¸­çš„æ•°æ® `wl_active`
--

INSERT INTO `wl_active` (`aid`, `aimage`, `acontent`, `atime`, `atitle`, `asort`) VALUES
(1, '/Public/editor/attached/image/20181030/20181030065722_34082.png', 'æ›²è”šç„¶å„¿ç«¥èŠ‚è™½ç„¶æœ‰ç©ºè°ƒ', '1541381646', ' åªæœ‰æ—…è¡Œç…§ç‰‡', 1);

-- --------------------------------------------------------

--
-- è¡¨çš„ç»“æ„ `wl_admin`
--

CREATE TABLE IF NOT EXISTS `wl_admin` (
  `aid` int(10) NOT NULL AUTO_INCREMENT COMMENT 'ç®¡ç†å‘˜ID',
  `aname` varchar(100) NOT NULL COMMENT 'ç®¡ç†å‘˜åç§°',
  `apwd` varchar(255) NOT NULL COMMENT 'ç®¡ç†å‘˜å¯†ç ',
  `aip` varchar(100) NOT NULL COMMENT 'ç™»å½•ip',
  `asort` int(10) NOT NULL COMMENT 'æ’åº',
  PRIMARY KEY (`aid`)
) ENGINE=MyISAM  DEFAULT CHARSET=utf8 COMMENT='ç®¡ç†å‘˜ä¿¡æ¯è¡¨' AUTO_INCREMENT=4 ;

--
-- è½¬å­˜è¡¨ä¸­çš„æ•°æ® `wl_admin`
--

INSERT INTO `wl_admin` (`aid`, `aname`, `apwd`, `aip`, `asort`) VALUES
(1, 'admin', 'e10adc3949ba59abbe56e057f20f883e', '127.0.0.1', 0),
(3, 'sun', 'a66abb5684c45962d887564f08346e8d', '127.0.0.1', 0);

-- --------------------------------------------------------

--
-- è¡¨çš„ç»“æ„ `wl_admin_config`
--

CREATE TABLE IF NOT EXISTS `wl_admin_config` (
  `ac_id` int(10) NOT NULL AUTO_INCREMENT COMMENT 'è®°å½•ID',
  `ac_name` varchar(100) NOT NULL COMMENT 'ç®¡ç†å‘˜åç§°',
  `ac_ip` varchar(100) NOT NULL COMMENT 'ç™»å½•ip',
  `ac_time` varchar(100) NOT NULL COMMENT 'ç™»å½•æ—¶é—´',
  PRIMARY KEY (`ac_id`)
) ENGINE=MyISAM  DEFAULT CHARSET=utf8 COMMENT='è®°å½•ç®¡ç†å‘˜ç™»å½•ä¿¡æ¯è¡¨' AUTO_INCREMENT=18 ;

--
-- è½¬å­˜è¡¨ä¸­çš„æ•°æ® `wl_admin_config`
--

INSERT INTO `wl_admin_config` (`ac_id`, `ac_name`, `ac_ip`, `ac_time`) VALUES
(1, 'admin', '127.0.0.1', '1540865932'),
(2, 'admin', '127.0.0.1', '1540866111'),
(3, 'sun', '127.0.0.1', '1540866721'),
(4, 'sun', '127.0.0.1', '1540948803'),
(5, 'sun', '127.0.0.1', '1540951298'),
(6, 'sun', '127.0.0.1', '1540962195'),
(7, 'sun', '127.0.0.1', '1540973712'),
(8, 'sun', '127.0.0.1', '1541035268'),
(9, 'sun', '127.0.0.1', '1541121491'),
(10, 'sun', '127.0.0.1', '1541146717'),
(11, 'sun', '127.0.0.1', '1541381169'),
(12, 'sun', '127.0.0.1', '1541469771'),
(13, 'admin', '192.168.0.107', '1541741656'),
(14, 'admin', '127.0.0.1', '1541750327'),
(15, 'admin', '127.0.0.1', '1541987612'),
(16, 'admin', '127.0.0.1', '1542605904'),
(17, 'admin', '127.0.0.1', '1542695357');

-- --------------------------------------------------------

--
-- è¡¨çš„ç»“æ„ `wl_background_image`
--

CREATE TABLE IF NOT EXISTS `wl_background_image` (
  `bi_id` int(10) NOT NULL AUTO_INCREMENT COMMENT 'èƒŒæ™¯å›¾ç‰‡ID',
  `bi_image` varchar(255) NOT NULL COMMENT 'èƒŒæ™¯å›¾ç‰‡',
  `nav_id` int(10) NOT NULL COMMENT 'å¯¼èˆªID',
  `bi_sort` int(10) NOT NULL COMMENT 'æ’åº',
  PRIMARY KEY (`bi_id`)
) ENGINE=MyISAM  DEFAULT CHARSET=utf8 COMMENT='èƒŒæ™¯å›¾ç‰‡ä¿¡æ¯è¡¨' AUTO_INCREMENT=7 ;

--
-- è½¬å­˜è¡¨ä¸­çš„æ•°æ® `wl_background_image`
--

INSERT INTO `wl_background_image` (`bi_id`, `bi_image`, `nav_id`, `bi_sort`) VALUES
(1, '/Public/editor/attached/image/20181031/20181031060035_53390.png', 2, 0),
(2, '/Public/editor/attached/image/20181031/20181031061531_96124.png', 2, 0),
(3, '/Public/editor/attached/image/20181031/20181031073052_68444.jpg', 0, 0),
(4, '/Public/editor/attached/image/20181101/20181101013549_25257.png', 0, 0),
(5, '/Public/editor/attached/image/20181101/20181101013607_22392.png', 0, 0),
(6, '/Public/editor/attached/image/20181101/20181101013631_73731.png', 0, 0);

-- --------------------------------------------------------

--
-- è¡¨çš„ç»“æ„ `wl_basedata`
--

CREATE TABLE IF NOT EXISTS `wl_basedata` (
  `id` int(10) NOT NULL AUTO_INCREMENT COMMENT 'åŸºæœ¬ä¿¡æ¯ID',
  `title1` varchar(255) NOT NULL COMMENT 'æ ‡é¢˜ä¸€',
  `title2` varchar(255) NOT NULL COMMENT 'æ ‡é¢˜äºŒ',
  `title3` varchar(255) NOT NULL COMMENT 'æ ‡é¢˜ä¸‰',
  `title4` varchar(255) NOT NULL COMMENT 'æ ‡é¢˜å››',
  `title5` text NOT NULL COMMENT 'æ ‡é¢˜äº”',
  `sort` int(11) NOT NULL COMMENT 'æ’åº',
  `nav_id` int(10) NOT NULL COMMENT 'å¯¼èˆªID',
  PRIMARY KEY (`id`)
) ENGINE=MyISAM  DEFAULT CHARSET=utf8 COMMENT='åŸºæœ¬ä¿¡æ¯è¡¨' AUTO_INCREMENT=2 ;

--
-- è½¬å­˜è¡¨ä¸­çš„æ•°æ® `wl_basedata`
--

INSERT INTO `wl_basedata` (`id`, `title1`, `title2`, `title3`, `title4`, `title5`, `sort`, `nav_id`) VALUES
(1, 'è–‡æ‹‰å…¬é¦†å©šçº±æ‘„å½±', '500+', 'Filming', 'locations', 'We are committed to simplicity and happiness, to record love with truth, to capture happiness withã€‚attitude, to be free to frame, light and scene, to use our exquisite documentary to cherish your exclusive moments.2&nbsp; &nbsp; ewqretry', 0, 2);

-- --------------------------------------------------------

--
-- è¡¨çš„ç»“æ„ `wl_case`
--

CREATE TABLE IF NOT EXISTS `wl_case` (
  `id` int(10) NOT NULL AUTO_INCREMENT COMMENT 'æ ·ç‰‡ID',
  `image` varchar(255) NOT NULL COMMENT 'å®¢æ ·å›¾ç‰‡',
  `title` varchar(100) NOT NULL COMMENT 'å®¢æ ·æ ‡é¢˜',
  `author` varchar(100) NOT NULL COMMENT 'ä½œè€…',
  `sort` int(10) NOT NULL COMMENT 'æ’åº',
  `imagetitle` varchar(100) NOT NULL COMMENT 'å›¾ç‰‡æ ‡é¢˜',
  `c_content` text NOT NULL COMMENT 'è¯¦ç»†ä»‹ç»',
  PRIMARY KEY (`id`)
) ENGINE=MyISAM  DEFAULT CHARSET=utf8 COMMENT='å®¢æ ·ä¿¡æ¯è¡¨' AUTO_INCREMENT=4 ;

--
-- è½¬å­˜è¡¨ä¸­çš„æ•°æ® `wl_case`
--

INSERT INTO `wl_case` (`id`, `image`, `title`, `author`, `sort`, `imagetitle`, `c_content`) VALUES
(1, '/Public/editor/attached/image/20181030/20181030091350_48218.jpg', 'ä¸‰äºšæ¹¾ - ç¹èŠ±çœ·ç¾ ', 'ç»´æ‹‰æ—…è¡Œå©šçº±æ‘„å½±', 0, 'travel the world', 'è¯·é—®æˆ‘å“¥ä»–å¿½ç„¶å·²æˆªå›¾å¯ä»¥äº†'),
(2, '/Public/editor/attached/image/20181030/20181030060530_71913.png', 'ä¸‰äºšæ¹¾ - ç¹èŠ±çœ·ç¾ ', 'ç»´æ‹‰æ—…è¡Œå©šçº±æ‘„å½±', 0, 'travel the world', 'è¯·é—®YHAEJTRSYTKDULYF'),
(3, '/Public/editor/attached/image/20181116/20181116091650_13545.png', 'qewtrytrjy', 'grehtrjyt', 0, 'fgrehrhm', 'grthn');

-- --------------------------------------------------------

--
-- è¡¨çš„ç»“æ„ `wl_company_introduce`
--

CREATE TABLE IF NOT EXISTS `wl_company_introduce` (
  `ci_id` int(10) NOT NULL AUTO_INCREMENT COMMENT 'ç®€ä»‹ID',
  `ci_name` varchar(100) NOT NULL COMMENT 'å…¬å¸åç§°',
  `ci_logo` varchar(255) NOT NULL COMMENT 'logoå›¾ç‰‡',
  `ci_content` text NOT NULL COMMENT 'å…¬å¸ç®€ä»‹',
  `nav_id` int(10) NOT NULL COMMENT 'å¯¼èˆªä¿¡æ¯',
  `ci_logotitle` varchar(100) NOT NULL COMMENT 'logoåç§°',
  `ci_url` varchar(255) NOT NULL COMMENT 'å®˜ç½‘åœ°å€',
  `ci_logotitle_english` varchar(255) NOT NULL COMMENT 'logoè‹±æ–‡åç§°',
  `ci_content_english` text NOT NULL COMMENT 'è‹±æ–‡ç®€ä»‹',
  `ci_year` varchar(50) NOT NULL COMMENT 'å‘¨å¹´',
  PRIMARY KEY (`ci_id`)
) ENGINE=MyISAM  DEFAULT CHARSET=utf8 COMMENT='å…¬å¸ç®€ä»‹ä¿¡æ¯è¡¨' AUTO_INCREMENT=2 ;

--
-- è½¬å­˜è¡¨ä¸­çš„æ•°æ® `wl_company_introduce`
--

INSERT INTO `wl_company_introduce` (`ci_id`, `ci_name`, `ci_logo`, `ci_content`, `nav_id`, `ci_logotitle`, `ci_url`, `ci_logotitle_english`, `ci_content_english`, `ci_year`) VALUES
(1, ' ç»´æ‹‰æ—…è¡Œå©šçº±æ‘„å½±', '/Public/editor/attached/image/20181030/20181030052146_11172.png', 'å’¸é˜³è–‡æ‹‰å©šçº±æ‘„å½±æœåŠ¡ä¸­å¿ƒå’¸é˜³è–‡æ‹‰å©šçº±æ‘„å½±æœåŠ¡ä¸­å¿ƒå’¸é˜³è–‡æ‹‰å©šçº±æ‘„å½±æœåŠ¡ä¸­å¿ƒå’¸é˜³è–‡æ‹‰å©šçº±æ‘„å½±æœåŠ¡ä¸­å¿ƒå’¸é˜³è–‡æ‹‰å©šçº±æ‘„å½±æœåŠ¡ä¸­å¿ƒå’¸é˜³è–‡æ‹‰å©šçº±æ‘„å½±æœåŠ¡ä¸­å¿ƒå’¸é˜³è–‡æ‹‰å©šçº±æ‘„å½±æœåŠ¡ä¸­å¿ƒå’¸é˜³è–‡æ‹‰å©šçº±æ‘„å½±æœåŠ¡ä¸­å¿ƒå’¸é˜³è–‡æ‹‰å©šçº±æ‘„å½±æœåŠ¡ä¸­å¿ƒå’¸é˜³è–‡æ‹‰å©šçº±æ‘„å½±æœåŠ¡ä¸­å¿ƒ<br />', 2, 'è–‡æ‹‰å…¬é¦†', '1243565yu', 'Vera Mansion', '<p>\r\n	rhtqrtwehtrjytu,\r\n</p>', '5');

-- --------------------------------------------------------

--
-- è¡¨çš„ç»“æ„ `wl_custom_image`
--

CREATE TABLE IF NOT EXISTS `wl_custom_image` (
  `ci_id` int(10) NOT NULL AUTO_INCREMENT COMMENT 'ç…§ç‰‡ID',
  `ci_name` varchar(255) NOT NULL COMMENT 'ç…§ç‰‡åç§°',
  `ci_sort` int(10) NOT NULL COMMENT 'æ’åº',
  `cw_id` int(10) NOT NULL COMMENT 'ç”¨æˆ·ID',
  PRIMARY KEY (`ci_id`)
) ENGINE=MyISAM  DEFAULT CHARSET=utf8 COMMENT='å®¢æˆ·ç…§ç‰‡ä¿¡æ¯è¡¨' AUTO_INCREMENT=6 ;

--
-- è½¬å­˜è¡¨ä¸­çš„æ•°æ® `wl_custom_image`
--

INSERT INTO `wl_custom_image` (`ci_id`, `ci_name`, `ci_sort`, `cw_id`) VALUES
(1, '/Public/editor/attached/image/20181101/20181101070331_20527.png', 0, 1),
(2, '/Public/editor/attached/image/20181101/20181101070348_65961.png', 0, 1),
(3, '/Public/editor/attached/image/20181101/20181101085048_71251.png', 0, 2),
(4, '/Public/editor/attached/image/20181101/20181101085105_64146.png', 0, 2),
(5, '/Public/editor/attached/image/20181101/20181101085204_88132.png', 0, 3);

-- --------------------------------------------------------

--
-- è¡¨çš„ç»“æ„ `wl_custom_word`
--

CREATE TABLE IF NOT EXISTS `wl_custom_word` (
  `cw_id` int(10) NOT NULL AUTO_INCREMENT COMMENT 'å®¢æˆ·è¯„è®ºid',
  `cw_content` text NOT NULL COMMENT 'å®¢æˆ·è¯„è®ºå†…å®¹',
  `cw_time` varchar(100) NOT NULL COMMENT 'è¯„è®ºæ—¶é—´',
  `cw_sort` int(10) NOT NULL COMMENT 'æ’åº',
  `cwc_id` int(11) NOT NULL COMMENT 'å®¢æˆ·è¯„è®ºåˆ†ç±»ID',
  `cw_name` varchar(100) NOT NULL COMMENT 'è¯„è®ºè€…åç§°',
  `cw_image` varchar(255) NOT NULL COMMENT 'ç”¨æˆ·å¤´åƒ',
  `cw_word_rank` int(10) NOT NULL COMMENT 'è¯„è®ºç­‰çº§',
  `cw_flag` int(10) NOT NULL COMMENT '0-æ™®é€šç”¨æˆ·ï¼Œ1-VIPç”¨æˆ·',
  `cw_user_rank` varchar(50) NOT NULL COMMENT 'ç”¨æˆ·ç­‰çº§',
  `cw_kind` varchar(100) NOT NULL COMMENT 'æ‰‹æœºç±»å‹',
  PRIMARY KEY (`cw_id`)
) ENGINE=MyISAM  DEFAULT CHARSET=utf8 COMMENT='å®¢æˆ·è¯„è®ºä¿¡æ¯è¡¨' AUTO_INCREMENT=14 ;

--
-- è½¬å­˜è¡¨ä¸­çš„æ•°æ® `wl_custom_word`
--

INSERT INTO `wl_custom_word` (`cw_id`, `cw_content`, `cw_time`, `cw_sort`, `cwc_id`, `cw_name`, `cw_image`, `cw_word_rank`, `cw_flag`, `cw_user_rank`, `cw_kind`) VALUES
(1, 'æ±ªå³°å®‰æ…°è¿‡ç”Ÿæ—¥å¥½å¤šä¸ª', '1541063441', 0, 2, 'å­™æ³½æ•', '/Public/editor/attached/image/20181101/20181101075241_85912.png', 5, 0, 'Lv4', 'oppoA59m'),
(2, 'å®ŒæˆVBå„¿ç«¥å†…å®¹', '1541063426', 0, 3, 'çº¢çº¢', '/Public/editor/attached/image/20181101/20181101085012_51410.png', 3, 1, 'Lv5', 'åä¸º'),
(3, 'ç”Ÿæ—¥å½“å¤©å‘ä¸€ä¸ªå«ï¼Œå¥½', '1541063406', 0, 4, 'å…°å…°', '/Public/editor/attached/image/20181101/20181101085133_40797.png', 6, 1, 'Lv2', 'vivox9'),
(4, 'berightberightberightberightberight', '1541469874', 0, 2, 'beright', '/Public/editor/attached/image/20181106/20181106020403_73739.png', 2, 0, '', 'åä¸º'),
(5, 'berightberightberightberightberightberightberightberightberight', '1541469894', 9, 2, 'beright2017', '/Public/editor/attached/image/20181106/20181106020446_46864.png', 4, 0, '', 'åä¸º'),
(6, 'berightberightberight', '1541469912', 231, 2, 'beright2018', '/Public/editor/attached/image/20181106/20181106020505_88274.png', 1, 0, '', '321'),
(7, 'berightberightberight', '1541469981', 0, 3, 'beright111', '/Public/editor/attached/image/20181106/20181106020616_33274.png', 3, 0, '', ''),
(8, 'berightberightberight', '1541469994', 0, 3, 'beright222', '/Public/editor/attached/image/20181106/20181106020632_77623.png', 1, 0, '', ''),
(9, 'berightberightberight', '1541470006', 0, 3, 'beright333', '/Public/editor/attached/image/20181106/20181106020644_30871.png', 1, 0, '', ''),
(10, 'berightberightberight', '1541470024', 0, 4, 'beright555', '/Public/editor/attached/image/20181106/20181106020702_62533.png', 1, 0, '', ''),
(11, 'berightberightberight', '1541470036', 0, 4, 'beright666', '/Public/editor/attached/image/20181106/20181106020714_14614.png', 1, 0, '', ''),
(12, 'berightberightberight', '1541470049', 0, 4, 'beright999', '/Public/editor/attached/image/20181106/20181106020727_31577.png', 1, 0, '', ''),
(13, 'rggbvdegrgrtftrf', '1541741683', 0, 4, '999', '/Public/editor/attached/image/20181109/20181109053435_74360.png', 1, 0, '', '');

-- --------------------------------------------------------

--
-- è¡¨çš„ç»“æ„ `wl_custom_word_classify`
--

CREATE TABLE IF NOT EXISTS `wl_custom_word_classify` (
  `cwc_id` int(10) NOT NULL AUTO_INCREMENT COMMENT 'å®¢æˆ·è¯„è®ºåˆ†ç±»ID',
  `cwc_name` varchar(100) NOT NULL COMMENT 'åˆ†ç±»åç§°',
  `cwc_sort` int(10) NOT NULL COMMENT 'æ’åº',
  PRIMARY KEY (`cwc_id`)
) ENGINE=MyISAM  DEFAULT CHARSET=utf8 COMMENT='å®¢æˆ·è¯„è®ºåˆ†ç±»ä¿¡æ¯è¡¨' AUTO_INCREMENT=5 ;

--
-- è½¬å­˜è¡¨ä¸­çš„æ•°æ® `wl_custom_word_classify`
--

INSERT INTO `wl_custom_word_classify` (`cwc_id`, `cwc_name`, `cwc_sort`) VALUES
(2, 'å¾®ä¿¡å¹³å°', 0),
(3, 'å¤§ä¼—å¹³å°', 0),
(4, 'ç¾å›¢å¹³å°', 0);

-- --------------------------------------------------------

--
-- è¡¨çš„ç»“æ„ `wl_footer`
--

CREATE TABLE IF NOT EXISTS `wl_footer` (
  `id` int(10) NOT NULL AUTO_INCREMENT COMMENT 'åº•éƒ¨ID',
  `address` varchar(255) NOT NULL COMMENT 'åœ°å€',
  `telephone` varchar(50) NOT NULL COMMENT 'çƒ­çº¿ç”µè¯',
  `wx_erweima` varchar(255) NOT NULL COMMENT 'å¾®ä¿¡äºŒç»´ç ',
  `wb_erweima` varchar(255) NOT NULL COMMENT 'å¾®åšäºŒç»´ç ',
  `copyright` varchar(100) NOT NULL COMMENT 'ç‰ˆæƒ',
  `record` varchar(100) NOT NULL COMMENT 'å¤‡æ¡ˆå·',
  `copyright_english` varchar(255) NOT NULL COMMENT 'ç‰ˆæƒè‹±æ–‡åç§°',
  PRIMARY KEY (`id`)
) ENGINE=MyISAM  DEFAULT CHARSET=utf8 COMMENT='åº•éƒ¨ä¿¡æ¯è¡¨' AUTO_INCREMENT=2 ;

--
-- è½¬å­˜è¡¨ä¸­çš„æ•°æ® `wl_footer`
--

INSERT INTO `wl_footer` (`id`, `address`, `telephone`, `wx_erweima`, `wb_erweima`, `copyright`, `record`, `copyright_english`) VALUES
(1, 'é™•è¥¿çœå’¸é˜³å¸‚æ¸­åŸåŒºä¹è‚²å—è·¯', '123456123', '/Public/editor/attached/image/20181030/20181030035135_66370.png', '/Public/editor/attached/image/20181030/20181030035144_73597.png', 'ç‰ˆæƒæ‰€æœ‰2018å’¸é˜³è–‡æ‹‰å©šçº±æ‘„å½±æœåŠ¡ä¸­å¿ƒ', 'é™•ICPå¤‡12007852å·-2', 'Copyright 2018 Xianyang Weila Wedding Photography Service Center');

-- --------------------------------------------------------

--
-- è¡¨çš„ç»“æ„ `wl_footer_nav`
--

CREATE TABLE IF NOT EXISTS `wl_footer_nav` (
  `fn_id` int(10) NOT NULL AUTO_INCREMENT COMMENT 'åº•éƒ¨å¯¼èˆªID',
  `fn_nav_name` varchar(255) NOT NULL COMMENT 'åº•éƒ¨å¯¼èˆªåç§°',
  `fn_url` varchar(255) NOT NULL COMMENT 'åº•éƒ¨å¯¼èˆªé“¾æ¥',
  `fn_sort` int(10) NOT NULL COMMENT 'æ’åº',
  `fn_fid` int(11) NOT NULL COMMENT 'çˆ¶çº§å¯¼èˆªID',
  `fn_english_name` varchar(255) NOT NULL COMMENT 'å¯¼èˆªè‹±æ–‡åç§°',
  PRIMARY KEY (`fn_id`)
) ENGINE=MyISAM  DEFAULT CHARSET=utf8 COMMENT='åº•éƒ¨å¯¼èˆªä¿¡æ¯è¡¨' AUTO_INCREMENT=10 ;

--
-- è½¬å­˜è¡¨ä¸­çš„æ•°æ® `wl_footer_nav`
--

INSERT INTO `wl_footer_nav` (`fn_id`, `fn_nav_name`, `fn_url`, `fn_sort`, `fn_fid`, `fn_english_name`) VALUES
(1, 'è–‡æ‹‰å…¬é¦†', '/index.php/Home/Index/index', 0, 0, 'Vera Mansion'),
(2, 'å®¢æ ·æ¬£èµ', '/index.php/Home/Index/keyangxinshang', 0, 1, ''),
(3, 'æœ€æ–°ç‰¹æƒ ', '/index.php/Home/Index/zuixintehui', 0, 1, ''),
(4, 'ç²¾å½©èŠ±çµ®', '/index.php/Home/Index/jingcaihuaxu', 0, 1, ''),
(5, 'å®¢æˆ·è¯„ä»·', '/index.php/Home/Index/kehupingjia', 0, 1, ''),
(6, 'ä½œå“å±•ç¤º', '', 0, 0, 'Gallery'),
(7, 'å†…æ™¯ä½œå“', '', 0, 6, ''),
(8, 'å¤–æ™¯ä½œå“', '', 0, 6, ''),
(9, 'å…³äºæˆ‘ä»¬', '/index.php/Home/Index/aboutUs', 0, 0, 'About');

-- --------------------------------------------------------

--
-- è¡¨çš„ç»“æ„ `wl_home_base`
--

CREATE TABLE IF NOT EXISTS `wl_home_base` (
  `id` int(10) NOT NULL AUTO_INCREMENT COMMENT 'åŸºç¡€ä¿¡æ¯ID',
  `title1` varchar(50) NOT NULL COMMENT 'æ ‡é¢˜1',
  `title2` varchar(50) NOT NULL COMMENT 'æ ‡é¢˜2',
  `title3` varchar(50) NOT NULL COMMENT 'æ ‡é¢˜3',
  `sort` int(10) NOT NULL COMMENT 'æ’åº',
  PRIMARY KEY (`id`)
) ENGINE=MyISAM  DEFAULT CHARSET=utf8 COMMENT='é¦–é¡µåŸºç¡€ä¿¡æ¯' AUTO_INCREMENT=5 ;

--
-- è½¬å­˜è¡¨ä¸­çš„æ•°æ® `wl_home_base`
--

INSERT INTO `wl_home_base` (`id`, `title1`, `title2`, `title3`, `sort`) VALUES
(1, '18', 'th', 'å‘¨å¹´', 0),
(2, '134256', '', 'å®¢æˆ·', 0),
(3, '20', '+', 'ä½ç½®åŸºåœ°', 0),
(4, '8', '', 'å†…éƒ¨åŸºåœ°', 0);

-- --------------------------------------------------------

--
-- è¡¨çš„ç»“æ„ `wl_home_news`
--

CREATE TABLE IF NOT EXISTS `wl_home_news` (
  `hn_id` int(10) NOT NULL AUTO_INCREMENT COMMENT 'æ–°é—»ID',
  `hn_title` varchar(100) NOT NULL COMMENT 'æ ‡é¢˜',
  `hn_short_title1` varchar(100) NOT NULL COMMENT 'å°æ ‡é¢˜1',
  `hn_short_title2` varchar(100) NOT NULL COMMENT 'å°æ ‡é¢˜2',
  `hn_short_title3` varchar(100) NOT NULL COMMENT 'å°æ ‡é¢˜3',
  `hn_sort` int(10) NOT NULL COMMENT 'æ’åº',
  `hn_image` varchar(255) NOT NULL COMMENT 'å›¾ç‰‡',
  PRIMARY KEY (`hn_id`)
) ENGINE=MyISAM  DEFAULT CHARSET=utf8 COMMENT='é¦–é¡µæ–°é—»ä¿¡æ¯è¡¨' AUTO_INCREMENT=3 ;

--
-- è½¬å­˜è¡¨ä¸­çš„æ•°æ® `wl_home_news`
--

INSERT INTO `wl_home_news` (`hn_id`, `hn_title`, `hn_short_title1`, `hn_short_title2`, `hn_short_title3`, `hn_sort`, `hn_image`) VALUES
(1, 'ç§‹å†¬ä¸Šæ–°é‡æ–°å®šä¹‰', 'ç§‹å†¬æ–°å“ä¸Šå¸‚', 'é‡å¤§æ½®æµé£æ ¼', 'é‡æ–°å®šä¹‰å©šç…§æ–°æ–¹å‘', 0, '/Public/editor/attached/image/20181101/20181101054734_39586.png'),
(2, 'å“ˆå“ˆå“ˆå“ˆ', 'å•¦å•¦å•¦', '', '', 0, '/Public/editor/attached/image/20181101/20181101060437_24883.png');

-- --------------------------------------------------------

--
-- è¡¨çš„ç»“æ„ `wl_home_url`
--

CREATE TABLE IF NOT EXISTS `wl_home_url` (
  `hu_id` int(10) NOT NULL AUTO_INCREMENT COMMENT 'å…¬ä¼—é“¾æ¥ID',
  `hu_wburl` varchar(255) NOT NULL COMMENT 'å¾®åšé“¾æ¥',
  `hu_gifurl` varchar(255) NOT NULL COMMENT 'ç¤¼ç‰©é“¾æ¥',
  `hu_wxerweima` varchar(255) NOT NULL COMMENT 'å¾®ä¿¡äºŒç»´ç ',
  `hu_telephone` varchar(255) NOT NULL COMMENT 'åœ¨çº¿å’¨è¯¢é“¾æ¥',
  `hu_producturl` varchar(255) NOT NULL COMMENT 'æœ€æ–°ä½œå“é“¾æ¥',
  PRIMARY KEY (`hu_id`)
) ENGINE=MyISAM  DEFAULT CHARSET=utf8 COMMENT='é¦–é¡µå…¬ä¼—é“¾æ¥' AUTO_INCREMENT=2 ;

--
-- è½¬å­˜è¡¨ä¸­çš„æ•°æ® `wl_home_url`
--

INSERT INTO `wl_home_url` (`hu_id`, `hu_wburl`, `hu_gifurl`, `hu_wxerweima`, `hu_telephone`, `hu_producturl`) VALUES
(1, 'https://weibo.com/2875256714/profile?topnav=1&amp;wvr=6', 'https://jinshuju.net/f/DnxTHN', '/Public/editor/attached/image/20181109/20181109083020_65887.jpg', 'http://tb.53kf.com/webCompany.php?arg=10084728&amp;style=1]', '');

-- --------------------------------------------------------

--
-- è¡¨çš„ç»“æ„ `wl_jingcai`
--

CREATE TABLE IF NOT EXISTS `wl_jingcai` (
  `jc_id` int(10) NOT NULL AUTO_INCREMENT COMMENT 'é¦–é¡µç²¾å½©èŠ±çµ®ID',
  `jc_url` varchar(255) NOT NULL COMMENT 'é“¾æ¥',
  `jc_sort` int(10) NOT NULL COMMENT 'æ’åº',
  `jc_title` varchar(255) NOT NULL COMMENT 'æ ‡é¢˜',
  `jc_title_english` varchar(255) NOT NULL COMMENT 'è‹±æ–‡æ ‡é¢˜',
  PRIMARY KEY (`jc_id`)
) ENGINE=MyISAM  DEFAULT CHARSET=utf8 COMMENT='é¦–é¡µç²¾å½©èŠ±çµ®ä¿¡æ¯è¡¨' AUTO_INCREMENT=2 ;

--
-- è½¬å­˜è¡¨ä¸­çš„æ•°æ® `wl_jingcai`
--

INSERT INTO `wl_jingcai` (`jc_id`, `jc_url`, `jc_sort`, `jc_title`, `jc_title_english`) VALUES
(1, 'http://cloud.video.taobao.com//play/u/1910949384/p/2/e/6/t/1/50076176739.mp4', 0, 'æˆ‘ä»¬æ‹çš„ä¸åªæ˜¯å©šçº±ç…§,è¿˜æœ‰å¾®ç”µå½±,ä¸ºæ‚¨æ‹ä¸€æ®µæ•…äº‹,è®°å½•ç©¿ç€å©šçº±çš„æ—…è¡Œ', 'We are not only taking wedding photos, but also micro-movies, taking a story for you and recording the trip in a wedding dress.');

-- --------------------------------------------------------

--
-- è¡¨çš„ç»“æ„ `wl_lunbo`
--

CREATE TABLE IF NOT EXISTS `wl_lunbo` (
  `lb_id` int(10) NOT NULL AUTO_INCREMENT COMMENT 'è½®æ’­ID',
  `lb_image` varchar(255) NOT NULL COMMENT 'è½®æ’­å›¾ç‰‡',
  `lb_sort` int(10) NOT NULL COMMENT 'æ’åº',
  `nav_id` int(10) NOT NULL COMMENT 'å¯¼èˆªID',
  `lb_title` varchar(100) NOT NULL COMMENT 'è½®æ’­å›¾ç‰‡æ ‡é¢˜',
  `lb_time` varchar(100) NOT NULL COMMENT 'å‘è¡¨æ—¶é—´',
  PRIMARY KEY (`lb_id`)
) ENGINE=MyISAM  DEFAULT CHARSET=utf8 COMMENT='è½®æ’­ä¿¡æ¯è¡¨' AUTO_INCREMENT=12 ;

--
-- è½¬å­˜è¡¨ä¸­çš„æ•°æ® `wl_lunbo`
--

INSERT INTO `wl_lunbo` (`lb_id`, `lb_image`, `lb_sort`, `nav_id`, `lb_title`, `lb_time`) VALUES
(2, '/Public/editor/attached/image/20181030/20181030042928_92987.png', 0, 0, 'åŸå¸‚æ—…æ‹1', '1540889867'),
(3, '/Public/editor/attached/image/20181030/20181030050007_56812.png', 0, 0, 'åŸå¸‚æ—…æ‹2', '1540889880'),
(4, '/Public/editor/attached/image/20181030/20181030050023_91315.png', 0, 0, 'åŸå¸‚æ—…æ‹3', '1540889888'),
(5, '/Public/editor/attached/image/20181030/20181030090151_53692.png', 0, 0, 'åŸå¸‚æ—…æ‹4', '1540890112'),
(6, '/Public/editor/attached/image/20181031/20181031013316_72742.png', 0, 3, 'åŸå¸‚æ—…æ‹1', '1540949602'),
(7, '/Public/editor/attached/image/20181031/20181031013340_66593.png', 0, 3, 'åŸå¸‚æ—…æ‹2', '1540949626'),
(8, '/Public/editor/attached/image/20181031/20181031020853_81611.png', 0, 2, 'åŸå¸‚æ—…æ‹1', '1540951734'),
(9, '/Public/editor/attached/image/20181031/20181031020908_69760.png', 0, 4, 'åŸå¸‚æ—…æ‹1', '1540951756'),
(10, '/Public/editor/attached/image/20181031/20181031020940_48811.png', 0, 5, 'åŸå¸‚æ—…æ‹1', '1540951787'),
(11, '/Public/editor/attached/image/20181031/20181031021006_93765.png', 0, 6, 'åŸå¸‚æ—…æ‹1', '1540951810');

-- --------------------------------------------------------

--
-- è¡¨çš„ç»“æ„ `wl_nav`
--

CREATE TABLE IF NOT EXISTS `wl_nav` (
  `nav_id` int(10) NOT NULL AUTO_INCREMENT COMMENT 'å¯¼èˆªID',
  `nav_name` varchar(100) NOT NULL COMMENT 'å¯¼èˆªåç§°',
  `nav_english_name` varchar(100) NOT NULL COMMENT 'å¯¼èˆªè‹±æ–‡åç§°',
  `fid` int(10) NOT NULL COMMENT 'çˆ¶çº§å¯¼èˆªID',
  `nav_sort` int(10) NOT NULL COMMENT 'æ’åº',
  `nav_url` varchar(255) NOT NULL COMMENT 'å¯¼èˆªé“¾æ¥',
  PRIMARY KEY (`nav_id`)
) ENGINE=MyISAM  DEFAULT CHARSET=utf8 COMMENT='å¯¼èˆªä¿¡æ¯è¡¨' AUTO_INCREMENT=8 ;

--
-- è½¬å­˜è¡¨ä¸­çš„æ•°æ® `wl_nav`
--

INSERT INTO `wl_nav` (`nav_id`, `nav_name`, `nav_english_name`, `fid`, `nav_sort`, `nav_url`) VALUES
(2, 'å…³äºè–‡æ‹‰', 'ABOUT VELA', 0, 0, '/index.php/Home/Index/aboutUs'),
(3, 'å®¢æ ·æ¬£èµ', 'GUEST SHOW', 0, 0, '/index.php/Home/Index/keyangxinshang'),
(4, 'ç²¾å½©èŠ±çµ®', 'WONDERFUL TIDBITS', 0, 0, '/index.php/Home/Index/jingcaihuaxu'),
(5, 'æœ€æ–°ç‰¹æƒ ', 'SPECIAL OFFER', 0, 0, '/index.php/Home/Index/zuixintehui'),
(6, 'å®¢æˆ·è¯„ä»·', 'CUSTOMER REVIEWS', 0, 0, '/index.php/Home/Index/kehupingjia');

-- --------------------------------------------------------

--
-- è¡¨çš„ç»“æ„ `wl_room_scenery`
--

CREATE TABLE IF NOT EXISTS `wl_room_scenery` (
  `rs_id` int(10) NOT NULL AUTO_INCREMENT COMMENT 'å†…æ™¯å†…å®¹ID',
  `rs_image` varchar(255) NOT NULL COMMENT 'å†…æ™¯å›¾ç‰‡',
  `rs_name` varchar(100) NOT NULL COMMENT 'å†…æ™¯åç§°',
  `rsc_id` int(10) NOT NULL COMMENT 'å†…æ™¯åˆ†ç±»id',
  `rs_score` float NOT NULL COMMENT 'å†…æ™¯åˆ†æ•°',
  `rs_introduce` text NOT NULL COMMENT 'å†…æ™¯åˆ†ç±»',
  `rs_sort` int(10) NOT NULL COMMENT 'æ’åº',
  `rs_blacktitle1` varchar(255) NOT NULL COMMENT 'æ ‡é¢˜',
  `rs_blackauthor` varchar(255) NOT NULL COMMENT 'ä½œè€…',
  `rs_flag` int(10) NOT NULL COMMENT '0-ä¸æ¨èåˆ°é¦–é¡µå§ï¼Œ1-æ¨èåˆ°é¦–é¡µ',
  PRIMARY KEY (`rs_id`)
) ENGINE=MyISAM  DEFAULT CHARSET=utf8 COMMENT='å†…æ™¯å†…å®¹ç®¡ç†' AUTO_INCREMENT=5 ;

--
-- è½¬å­˜è¡¨ä¸­çš„æ•°æ® `wl_room_scenery`
--

INSERT INTO `wl_room_scenery` (`rs_id`, `rs_image`, `rs_name`, `rsc_id`, `rs_score`, `rs_introduce`, `rs_sort`, `rs_blacktitle1`, `rs_blackauthor`, `rs_flag`) VALUES
(1, '/Public/editor/attached/image/20181101/20181101032926_39306.png', 'Rose', 1, 9.1, 'è€Œå¤©æ¶¯æµ·è§’', 0, 'travel the world', 'å“ˆå“ˆå“ˆ', 0),
(2, '/Public/editor/attached/image/20181101/20181101034022_17687.png', 'å©šçº±', 1, 7.1, 'é¢å¤–çƒ­æ„å›¾å¾ˆå®¹æ˜“å°±æ¶‚å£çº¢', 0, 'travel the world', 'ç»´æƒäººé˜²', 0),
(3, '/Public/editor/attached/image/20181120/20181120065358_56035.png', 'efh4g3', 1, 0, '', 0, '', '', 1),
(4, '/Public/editor/attached/image/20181120/20181120065423_63539.jpg', 'redfnrgh', 1, 0, '', 0, '', '', 1);

-- --------------------------------------------------------

--
-- è¡¨çš„ç»“æ„ `wl_room_scenery_classify`
--

CREATE TABLE IF NOT EXISTS `wl_room_scenery_classify` (
  `rsc_id` int(10) NOT NULL AUTO_INCREMENT COMMENT 'å†…æ™¯åˆ†ç±»ID',
  `rsc_name` varchar(100) NOT NULL COMMENT 'å†…æ™¯åˆ†ç±»åç§°',
  `rsc_sort` int(10) NOT NULL COMMENT 'æ’åº',
  PRIMARY KEY (`rsc_id`)
) ENGINE=MyISAM  DEFAULT CHARSET=utf8 COMMENT='å†…æ™¯åˆ†ç±»ID' AUTO_INCREMENT=6 ;

--
-- è½¬å­˜è¡¨ä¸­çš„æ•°æ® `wl_room_scenery_classify`
--

INSERT INTO `wl_room_scenery_classify` (`rsc_id`, `rsc_name`, `rsc_sort`) VALUES
(1, 'ç²¾è‡´å…¬ä¸»', 0),
(2, 'æ³•å¼è½»å¥¢', 0),
(3, 'å¼¥èŠ±å…¸è—', 0),
(4, 'åæµå›½é™…', 0),
(5, 'ç»å…¸å°Šè£', 0);

-- --------------------------------------------------------

--
-- è¡¨çš„ç»“æ„ `wl_short_video`
--

CREATE TABLE IF NOT EXISTS `wl_short_video` (
  `sv_id` int(10) NOT NULL AUTO_INCREMENT COMMENT 'ç²¾å½©èŠ±çµ®ID',
  `sv_title` varchar(100) NOT NULL COMMENT 'æ ‡é¢˜',
  `sv_short_title1` varchar(100) NOT NULL COMMENT 'å°æ ‡é¢˜1',
  `sv_short_title2` varchar(100) NOT NULL COMMENT 'å°æ ‡é¢˜2',
  `sv_sort` int(10) NOT NULL COMMENT 'æ’åº',
  `sv_time` varchar(100) NOT NULL COMMENT 'æ‹æ‘„æ—¶é—´',
  `sv_url` varchar(255) NOT NULL COMMENT 'è·¯å¾„',
  `sv_image` varchar(255) NOT NULL COMMENT 'èƒŒæ™¯å›¾ç‰‡',
  PRIMARY KEY (`sv_id`)
) ENGINE=MyISAM  DEFAULT CHARSET=utf8 COMMENT='ç²¾å½©èŠ±çµ®ä¿¡æ¯è¡¨' AUTO_INCREMENT=2 ;

--
-- è½¬å­˜è¡¨ä¸­çš„æ•°æ® `wl_short_video`
--

INSERT INTO `wl_short_video` (`sv_id`, `sv_title`, `sv_short_title1`, `sv_short_title2`, `sv_sort`, `sv_time`, `sv_url`, `sv_image`) VALUES
(1, 'ã€Šä½ æ˜¯æ‰€æœ‰ç¾å¥½çš„èµ·å› ã€‹è–‡æ‹‰-å¾®ç”µå½±', 'Travel is More Meaningful', 'Travel Around The World', 0, '1540980518', 'https://v.qq.com/txp/iframe/player.html?vid=c0354abrb1k&amp;auto=1', '/Public/editor/attached/image/20181031/20181031100837_50863.png');

-- --------------------------------------------------------

--
-- è¡¨çš„ç»“æ„ `wl_user`
--

CREATE TABLE IF NOT EXISTS `wl_user` (
  `id` int(10) NOT NULL AUTO_INCREMENT COMMENT 'ç”¨æˆ·ID',
  `name` varchar(100) NOT NULL COMMENT 'å§“å',
  `telephone` varchar(50) NOT NULL COMMENT 'ç”µè¯',
  `QQ` varchar(50) NOT NULL COMMENT 'QQ ',
  `wechat` varchar(50) NOT NULL COMMENT 'å¾®ä¿¡',
  `sort` int(10) NOT NULL COMMENT 'æ’åº',
  PRIMARY KEY (`id`)
) ENGINE=MyISAM  DEFAULT CHARSET=utf8 COMMENT='æ–°ç”¨æˆ·ä¿¡æ¯è¡¨' AUTO_INCREMENT=9 ;

--
-- è½¬å­˜è¡¨ä¸­çš„æ•°æ® `wl_user`
--

INSERT INTO `wl_user` (`id`, `name`, `telephone`, `QQ`, `wechat`, `sort`) VALUES
(2, '', '', '123456', '', 0),
(3, '111', '15339292939', '601632309', '', 0),
(4, '999', '15339292939', '', '123456', 0),
(5, '999', '15339292939', '', '123456', 0),
(6, '789', '15339292939', '', '21561651', 0),
(7, 'xxx', '15339292939', '', '1231321', 0),
(8, '156421', '15235654585', '', '7857178+*9', 0);

-- --------------------------------------------------------

--
-- è¡¨çš„ç»“æ„ `wl_view`
--

CREATE TABLE IF NOT EXISTS `wl_view` (
  `id` int(10) NOT NULL AUTO_INCREMENT COMMENT 'å›¾ç‰‡ID',
  `image` varchar(255) NOT NULL COMMENT 'å›¾ç‰‡',
  `sort` int(10) NOT NULL COMMENT 'æ’åº',
  PRIMARY KEY (`id`)
) ENGINE=MyISAM  DEFAULT CHARSET=utf8 COMMENT='è–‡æ‹‰è§†è§‰ä¿¡æ¯è¡¨' AUTO_INCREMENT=4 ;

--
-- è½¬å­˜è¡¨ä¸­çš„æ•°æ® `wl_view`
--

INSERT INTO `wl_view` (`id`, `image`, `sort`) VALUES
(1, '/Public/editor/attached/image/20181101/20181101015903_49017.png', 0),
(2, '/Public/editor/attached/image/20181101/20181101015916_45312.png', 0),
(3, '/Public/editor/attached/image/20181101/20181101015934_16523.png', 0);

/*!40101 SET CHARACTER_SET_CLIENT=@OLD_CHARACTER_SET_CLIENT */;
/*!40101 SET CHARACTER_SET_RESULTS=@OLD_CHARACTER_SET_RESULTS */;
/*!40101 SET COLLATION_CONNECTION=@OLD_COLLATION_CONNECTION */;
