-- phpMyAdmin SQL Dump
-- version phpStudy 2014
-- http://www.phpmyadmin.net
--
-- ä¸»æœº: localhost
-- ç”Ÿæˆæ—¥æœŸ: 2018 å¹?10 æœ?30 æ—?01:44
-- æœåŠ¡å™¨ç‰ˆæœ¬: 5.5.53
-- PHP ç‰ˆæœ¬: 5.6.27

SET SQL_MODE="NO_AUTO_VALUE_ON_ZERO";
SET time_zone = "+00:00";


/*!40101 SET @OLD_CHARACTER_SET_CLIENT=@@CHARACTER_SET_CLIENT */;
/*!40101 SET @OLD_CHARACTER_SET_RESULTS=@@CHARACTER_SET_RESULTS */;
/*!40101 SET @OLD_COLLATION_CONNECTION=@@COLLATION_CONNECTION */;
/*!40101 SET NAMES utf8 */;

--
-- æ•°æ®åº“: `zhishan`
--

-- --------------------------------------------------------

--
-- è¡¨çš„ç»“æ„ `zs_about_article`
--

CREATE TABLE IF NOT EXISTS `zs_about_article` (
  `aa_id` int(10) NOT NULL AUTO_INCREMENT COMMENT 'æ–‡ç« ID',
  `aa_content` text NOT NULL COMMENT 'æ–‡ç« å†…å®¹',
  `aa_image` varchar(255) NOT NULL COMMENT 'æ–‡ç« å›¾ç‰‡',
  `aa_name` varchar(255) NOT NULL COMMENT 'æ–‡ç« åç§°',
  `aa_image1` varchar(255) NOT NULL COMMENT 'æ–‡ç« å›¾ç‰‡2',
  `aa_image2` varchar(255) NOT NULL COMMENT 'æ–‡ç« å›¾ç‰‡3',
  `aa_name1` varchar(255) NOT NULL COMMENT 'æ–‡ç« åç§°2',
  `aa_name2` varchar(255) NOT NULL COMMENT 'æ–‡ç« åç§°3',
  `auc_id` int(10) NOT NULL COMMENT 'åˆ†ç±»ID',
  `aa_sort` int(10) NOT NULL COMMENT 'æ’åº',
  PRIMARY KEY (`aa_id`)
) ENGINE=MyISAM DEFAULT CHARSET=utf8 COMMENT='å…³äºæˆ‘ä»¬æ–‡ç« ä¿¡æ¯è¡¨' AUTO_INCREMENT=1 ;

-- --------------------------------------------------------

--
-- è¡¨çš„ç»“æ„ `zs_about_us_classify`
--

CREATE TABLE IF NOT EXISTS `zs_about_us_classify` (
  `auc_id` int(10) NOT NULL AUTO_INCREMENT COMMENT 'åˆ†ç±»ID',
  `auc_name` varchar(255) NOT NULL COMMENT 'åˆ†ç±»åç§°',
  `auc_sort` int(11) NOT NULL COMMENT 'æ’åº',
  `nav_id` int(11) NOT NULL COMMENT 'å¯¼èˆª',
  PRIMARY KEY (`auc_id`)
) ENGINE=MyISAM  DEFAULT CHARSET=utf8 AUTO_INCREMENT=8 ;

--
-- è½¬å­˜è¡¨ä¸­çš„æ•°æ® `zs_about_us_classify`
--

INSERT INTO `zs_about_us_classify` (`auc_id`, `auc_name`, `auc_sort`, `nav_id`) VALUES
(1, 'å…¬å¸ç®€ä»‹', 0, 12),
(2, 'ä¼ä¸šæ–‡åŒ–', 0, 13),
(3, 'è£èª‰èµ„è´¨', 0, 14),
(4, 'é¢†å¯¼è‡´è¾', 0, 15),
(5, 'æœåŠ¡ä¼˜åŠ¿', 0, 16),
(6, 'è”ç³»æˆ‘ä»¬', 0, 17),
(7, 'å…¬å¸ä¸å›¢é˜Ÿ', 0, 28);

-- --------------------------------------------------------

--
-- è¡¨çš„ç»“æ„ `zs_admin`
--

CREATE TABLE IF NOT EXISTS `zs_admin` (
  `aid` int(10) NOT NULL AUTO_INCREMENT COMMENT 'ç®¡ç†å‘˜ID',
  `aname` varchar(100) NOT NULL COMMENT 'ç®¡ç†å‘˜åç§°',
  `apwd` varchar(255) NOT NULL COMMENT 'ç®¡ç†å‘˜å¯†ç ',
  `aip` varchar(100) NOT NULL COMMENT 'ç™»å½•IP',
  `asort` int(10) NOT NULL COMMENT 'æ’åº',
  PRIMARY KEY (`aid`)
) ENGINE=MyISAM  DEFAULT CHARSET=utf8 COMMENT='ç®¡ç†å‘˜ä¿¡æ¯è¡¨' AUTO_INCREMENT=3 ;

--
-- è½¬å­˜è¡¨ä¸­çš„æ•°æ® `zs_admin`
--

INSERT INTO `zs_admin` (`aid`, `aname`, `apwd`, `aip`, `asort`) VALUES
(1, 'admin', 'e10adc3949ba59abbe56e057f20f883e', '127.0.0.1', 0),
(2, 'sun', 'e10adc3949ba59abbe56e057f20f883e', '127.0.0.1', 0);

-- --------------------------------------------------------

--
-- è¡¨çš„ç»“æ„ `zs_admin_config`
--

CREATE TABLE IF NOT EXISTS `zs_admin_config` (
  `ac_id` int(10) NOT NULL AUTO_INCREMENT COMMENT 'è®°å½•ID',
  `ac_aid` int(10) NOT NULL COMMENT 'ç®¡ç†å‘˜ID',
  `ac_name` varchar(100) NOT NULL COMMENT 'ç®¡ç†å‘˜åç§°',
  `ac_ip` varchar(100) NOT NULL COMMENT 'ç™»å½•IP',
  `ac_time` varchar(100) NOT NULL COMMENT 'ç™»å½•æ—¶é—´æˆ³',
  `ac_sort` int(10) NOT NULL COMMENT 'æ’åº',
  PRIMARY KEY (`ac_id`)
) ENGINE=MyISAM  DEFAULT CHARSET=utf8 COMMENT='è®°å½•ç®¡ç†å‘˜ç™»å½•ä¿¡æ¯è¡¨' AUTO_INCREMENT=29 ;

--
-- è½¬å­˜è¡¨ä¸­çš„æ•°æ® `zs_admin_config`
--

INSERT INTO `zs_admin_config` (`ac_id`, `ac_aid`, `ac_name`, `ac_ip`, `ac_time`, `ac_sort`) VALUES
(1, 0, 'admin', '127.0.0.1', '1539313577', 0),
(2, 0, 'admin', '127.0.0.1', '1539314096', 0),
(3, 1, 'admin', '127.0.0.1', '1539314452', 0),
(4, 1, 'admin', '127.0.0.1', '1539325815', 0),
(5, 1, 'admin', '127.0.0.1', '1539326235', 0),
(6, 1, 'admin', '127.0.0.1', '1539326388', 0),
(7, 1, 'admin', '127.0.0.1', '1539566222', 0),
(8, 1, 'admin', '127.0.0.1', '1539652217', 0),
(9, 1, 'admin', '127.0.0.1', '1539738476', 0),
(10, 1, 'admin', '127.0.0.1', '1539824946', 0),
(11, 1, 'admin', '127.0.0.1', '1539847881', 0),
(12, 1, 'admin', '127.0.0.1', '1539911524', 0),
(13, 1, 'admin', '127.0.0.1', '1540170519', 0),
(14, 1, 'admin', '127.0.0.1', '1540189455', 0),
(15, 1, 'admin', '127.0.0.1', '1540258951', 0),
(16, 1, 'admin', '127.0.0.1', '1540274107', 0),
(17, 1, 'admin', '127.0.0.1', '1540343434', 0),
(18, 1, 'admin', '127.0.0.1', '1540371883', 0),
(19, 1, 'admin', '127.0.0.1', '1540438760', 0),
(20, 1, 'admin', '127.0.0.1', '1540449065', 0),
(21, 1, 'admin', '127.0.0.1', '1540455719', 0),
(22, 1, 'admin', '127.0.0.1', '1540516715', 0),
(23, 1, 'admin', '127.0.0.1', '1540518308', 0),
(24, 1, 'admin', '127.0.0.1', '1540540725', 0),
(25, 1, 'admin', '127.0.0.1', '1540542956', 0),
(26, 1, 'admin', '192.168.0.111', '1540777864', 0),
(27, 1, 'admin', '192.168.0.111', '1540777944', 0),
(28, 1, 'admin', '127.0.0.1', '1540862459', 0);

-- --------------------------------------------------------

--
-- è¡¨çš„ç»“æ„ `zs_background_image`
--

CREATE TABLE IF NOT EXISTS `zs_background_image` (
  `bi_id` int(10) NOT NULL AUTO_INCREMENT COMMENT 'èƒŒæ™¯å›¾ç‰‡ID',
  `bi_image` varchar(255) NOT NULL COMMENT 'èƒŒæ™¯å›¾ç‰‡',
  `bi_sort` int(10) NOT NULL COMMENT 'æ’åº',
  `bi_flag` int(10) NOT NULL COMMENT 'é¡µé¢æ ‡å¿—',
  PRIMARY KEY (`bi_id`)
) ENGINE=MyISAM  DEFAULT CHARSET=utf8 COMMENT='èƒŒæ™¯å›¾ç‰‡æ ‡å¿—' AUTO_INCREMENT=26 ;

--
-- è½¬å­˜è¡¨ä¸­çš„æ•°æ® `zs_background_image`
--

INSERT INTO `zs_background_image` (`bi_id`, `bi_image`, `bi_sort`, `bi_flag`) VALUES
(2, '/Public/editor/attached/image/20181018/20181018030128_37883.jpg', 0, 0),
(3, '/Public/editor/attached/image/20181018/20181018030226_69570.jpg', 0, 0),
(4, '/Public/editor/attached/image/20181018/20181018030257_42025.jpg', 0, 0),
(5, '/Public/editor/attached/image/20181022/20181022092841_99502.jpg', 0, 0),
(6, '/Public/editor/attached/image/20181023/20181023061502_42720.jpg', 0, 2),
(8, '/Public/editor/attached/image/20181023/20181023064242_93987.jpg', 0, 3),
(9, '/Public/editor/attached/image/20181023/20181023070209_47694.jpg', 0, 4),
(10, '/Public/editor/attached/image/20181023/20181023070502_34653.jpg', 0, 5),
(11, '/Public/editor/attached/image/20181023/20181023070528_99881.jpg', 0, 6),
(12, '/Public/editor/attached/image/20181023/20181023070718_53121.png', 0, 7),
(13, '/Public/editor/attached/image/20181023/20181023071051_59413.jpg', 0, 8),
(14, '/Public/editor/attached/image/20181023/20181023072328_74385.jpg', 0, 9),
(15, '/Public/editor/attached/image/20181023/20181023072420_15748.jpg', 0, 9),
(16, '/Public/editor/attached/image/20181023/20181023073237_38916.jpg', 0, 10),
(17, '/Public/editor/attached/image/20181023/20181023074055_65409.jpg', 0, 11),
(18, '/Public/editor/attached/image/20181023/20181023090123_48169.jpg', 0, 0),
(20, '/Public/editor/attached/image/20181026/20181026015402_41110.jpg', 0, 2),
(21, '/Public/editor/attached/image/20181026/20181026020319_18723.jpg', 0, 3),
(22, '/Public/editor/attached/image/20181026/20181026021024_57839.jpg', 0, 11),
(23, '/Public/editor/attached/image/20181026/20181026021221_82402.jpg', 0, 10),
(24, '/Public/editor/attached/image/20181026/20181026021320_80241.jpg', 0, 8),
(25, '/Public/editor/attached/image/20181026/20181026021437_72959.jpg', 0, 7);

-- --------------------------------------------------------

--
-- è¡¨çš„ç»“æ„ `zs_certificate`
--

CREATE TABLE IF NOT EXISTS `zs_certificate` (
  `id` int(10) NOT NULL AUTO_INCREMENT COMMENT 'è£èª‰è¯ä¹¦ID',
  `title` varchar(100) NOT NULL COMMENT 'è¯ä¹¦åç§°',
  `image` varchar(255) NOT NULL COMMENT 'è¯ä¹¦ç…§ç‰‡',
  `update` varchar(100) NOT NULL COMMENT 'æ›´æ–°æ—¶é—´',
  `click` int(10) NOT NULL COMMENT 'ç‚¹å‡»æ•°',
  `sort` int(11) NOT NULL COMMENT 'æ’åº',
  `nav_id` int(10) NOT NULL COMMENT 'å¯¼èˆªID',
  PRIMARY KEY (`id`)
) ENGINE=MyISAM  DEFAULT CHARSET=utf8 COMMENT='è£èª‰è¯ä¹¦ä¿¡æ¯è¡¨' AUTO_INCREMENT=5 ;

--
-- è½¬å­˜è¡¨ä¸­çš„æ•°æ® `zs_certificate`
--

INSERT INTO `zs_certificate` (`id`, `title`, `image`, `update`, `click`, `sort`, `nav_id`) VALUES
(2, 'cet-4', '/Public/editor/attached/image/20181015/20181015070814_13326.jpg', '1540199302', 0, 0, 14),
(3, 'wethjy', '/Public/editor/attached/image/20181016/20181016055724_25542.jpg', '1539680752', 0, 0, 14),
(4, 'werehtrjy', '/Public/editor/attached/image/20181019/20181019023847_17934.png', '1539916757', 0, 0, 14);

-- --------------------------------------------------------

--
-- è¡¨çš„ç»“æ„ `zs_company_culture`
--

CREATE TABLE IF NOT EXISTS `zs_company_culture` (
  `cc_id` int(10) NOT NULL AUTO_INCREMENT COMMENT 'æ–‡åŒ–ID',
  `cc_content` text NOT NULL COMMENT 'ä¼ä¸šæ–‡åŒ–å†…å®¹',
  `cc_sort` int(10) NOT NULL COMMENT 'æ’åº',
  `nav_id` int(10) NOT NULL COMMENT 'å¯¼èˆªID',
  PRIMARY KEY (`cc_id`)
) ENGINE=MyISAM  DEFAULT CHARSET=utf8 COMMENT='ä¼ä¸šæ–‡åŒ–ä¿¡æ¯è¡¨' AUTO_INCREMENT=3 ;

--
-- è½¬å­˜è¡¨ä¸­çš„æ•°æ® `zs_company_culture`
--

INSERT INTO `zs_company_culture` (`cc_id`, `cc_content`, `cc_sort`, `nav_id`) VALUES
(1, 'æ¸©å“¥åçªç„¶ä¸€å¤©åœ°æ–¹ä¸ç»™ä½ ', 0, 13);

-- --------------------------------------------------------

--
-- è¡¨çš„ç»“æ„ `zs_company_introduce`
--

CREATE TABLE IF NOT EXISTS `zs_company_introduce` (
  `ci_id` int(10) NOT NULL AUTO_INCREMENT COMMENT 'å…¬å¸ç®€ä»‹ID',
  `ci_name` varchar(100) NOT NULL COMMENT 'å…¬å¸åç§°',
  `ci_content` text NOT NULL COMMENT 'å…¬å¸ç®€ä»‹',
  `ci_logo` varchar(255) NOT NULL COMMENT 'logo',
  `ci_sort` int(10) NOT NULL COMMENT 'æ’åº',
  `ci_telephone` varchar(100) NOT NULL COMMENT 'çƒ­å¿ƒç”µè¯',
  `nav_id` int(10) NOT NULL COMMENT 'å¯¼èˆªID',
  PRIMARY KEY (`ci_id`)
) ENGINE=MyISAM  DEFAULT CHARSET=utf8 COMMENT='å…¬å¸ç®€ä»‹ä¿¡æ¯è¡¨' AUTO_INCREMENT=3 ;

--
-- è½¬å­˜è¡¨ä¸­çš„æ•°æ® `zs_company_introduce`
--

INSERT INTO `zs_company_introduce` (`ci_id`, `ci_name`, `ci_content`, `ci_logo`, `ci_sort`, `ci_telephone`, `nav_id`) VALUES
(1, 'è¥¿å®‰è‡³å–„äººåŠ›èµ„æºæœ‰é™å…¬å¸', 'ä¸œåŒ—å¸ˆèŒƒä½ ä»¬ï¼Œ é—®5k76l', '/Public/editor/attached/image/20181017/20181017090333_32093.png', 0, '123455', 2);

-- --------------------------------------------------------

--
-- è¡¨çš„ç»“æ„ `zs_company_team`
--

CREATE TABLE IF NOT EXISTS `zs_company_team` (
  `ct_id` int(10) NOT NULL AUTO_INCREMENT COMMENT 'å…¬å¸ä¸å›¢é˜ŸID',
  `ct_content` text NOT NULL COMMENT 'è¯¦æƒ…å†…å®¹',
  `ct_sort` int(11) NOT NULL COMMENT 'æ’åº',
  `ct_title` varchar(255) NOT NULL COMMENT 'æ ‡é¢˜',
  `ct_image` varchar(255) NOT NULL COMMENT 'å›¾ç‰‡',
  `nav_id` int(11) NOT NULL COMMENT 'å¯¼èˆªid',
  PRIMARY KEY (`ct_id`)
) ENGINE=MyISAM  DEFAULT CHARSET=utf8 COMMENT='å…¬å¸ä¸å›¢é˜Ÿ' AUTO_INCREMENT=3 ;

--
-- è½¬å­˜è¡¨ä¸­çš„æ•°æ® `zs_company_team`
--

INSERT INTO `zs_company_team` (`ct_id`, `ct_content`, `ct_sort`, `ct_title`, `ct_image`, `nav_id`) VALUES
(1, '<p>\r\n	dsfbgnrthm\r\n</p>\r\n<p>\r\n	<br />\r\n</p>', 1, 'è¿æ³•å¦‚æœ', '/Public/editor/attached/image/20181017/20181017103230_28838.jpg', 28);

-- --------------------------------------------------------

--
-- è¡¨çš„ç»“æ„ `zs_cooperate_company`
--

CREATE TABLE IF NOT EXISTS `zs_cooperate_company` (
  `cc_id` int(10) NOT NULL AUTO_INCREMENT COMMENT 'åˆä½œå…¬å¸ID',
  `cc_name` varchar(100) NOT NULL COMMENT 'å…¬å¸åç§°',
  `cc_image` varchar(255) NOT NULL COMMENT 'logoå›¾ç‰‡',
  `cc_author` varchar(100) NOT NULL COMMENT 'ä½œè€…',
  `cc_origin` varchar(100) NOT NULL COMMENT 'æ¥æº',
  `cc_update` varchar(100) NOT NULL COMMENT 'æ›´æ–°æ—¶é—´',
  `cc_click` int(10) NOT NULL COMMENT 'ç‚¹å‡»æ•°',
  `cc_sort` int(10) NOT NULL COMMENT 'æ’åº',
  PRIMARY KEY (`cc_id`)
) ENGINE=MyISAM  DEFAULT CHARSET=utf8 COMMENT='åˆä½œä¼ä¸šä¿¡æ¯è¡¨' AUTO_INCREMENT=5 ;

--
-- è½¬å­˜è¡¨ä¸­çš„æ•°æ® `zs_cooperate_company`
--

INSERT INTO `zs_cooperate_company` (`cc_id`, `cc_name`, `cc_image`, `cc_author`, `cc_origin`, `cc_update`, `cc_click`, `cc_sort`) VALUES
(2, 'é£', '/Public/editor/attached/image/20181015/20181015023221_81026.jpg', 'å‡¡äººæ­Œ', 'äº”ä¸ªäººå’Œ', '1539570747', 0, 0),
(3, '3546u5i6', '/Public/editor/attached/image/20181016/20181016054134_69688.jpg', '465', '35465', '1539668497', 0, 0),
(4, 'å•æ–¹äº‹æ•…', '/Public/editor/attached/image/20181017/20181017092235_44038.jpg', 'äºŒå“¥', 'è¯·é—®', '1539768160', 0, 0);

-- --------------------------------------------------------

--
-- è¡¨çš„ç»“æ„ `zs_employee`
--

CREATE TABLE IF NOT EXISTS `zs_employee` (
  `tid` int(10) NOT NULL AUTO_INCREMENT COMMENT 'äººæ‰ID',
  `tname` varchar(100) NOT NULL COMMENT 'å§“å',
  `tsex` varchar(50) NOT NULL COMMENT 'æ€§åˆ«',
  `tage` int(10) NOT NULL COMMENT 'å¹´é¾„',
  `ttelephone` varchar(100) NOT NULL COMMENT 'ç”µè¯',
  `temail` varchar(100) NOT NULL COMMENT 'é‚®ç®±',
  `taddress` varchar(255) NOT NULL COMMENT 'åœ°å€',
  `teducation` text NOT NULL COMMENT 'æ•™è‚²ç»å†',
  `tworking` text NOT NULL COMMENT 'å·¥ä½œç»å†',
  `tmessage` text NOT NULL COMMENT 'å…¶ä»–ä¿¡æ¯',
  `tsort` int(10) NOT NULL COMMENT 'æ’åº',
  `nav_id` int(10) NOT NULL COMMENT 'å¯¼èˆªID',
  PRIMARY KEY (`tid`)
) ENGINE=MyISAM  DEFAULT CHARSET=utf8 COMMENT='é›‡å‘˜ä¿¡æ¯è¡¨' AUTO_INCREMENT=25 ;

--
-- è½¬å­˜è¡¨ä¸­çš„æ•°æ® `zs_employee`
--

INSERT INTO `zs_employee` (`tid`, `tname`, `tsex`, `tage`, `ttelephone`, `temail`, `taddress`, `teducation`, `tworking`, `tmessage`, `tsort`, `nav_id`) VALUES
(2, 'å­™æ³½æ•', '1', 24, '13484601422', '123445@qq.com', '', 'wbretryui', 'retnrymtu,', 'wretryhtj', 0, 2),
(3, 'å“ˆå“ˆå“ˆ', 'on', 123, '', '', '', '					', '					', '					', 0, 0),
(4, 'r6t7y87;9', 'on', 23, '', '', '', '			ryituoyipu;o		', '		weretyhj			', '					qwewrety', 0, 0),
(5, 'waegr', 'on', 0, '12345678901', '', 'wqfegrhtrjyt', '					', '					', '					', 0, 0),
(6, 'esrgdthyjte', 'on', 0, '', '', 'rjytu', '					', '					', '					', 0, 0),
(7, 'qewret', 'on', 11, '', '', '', '					', '					', '					', 0, 0),
(8, 'å­™æ³½æ•', '0', 22, '12345678901', '', 'æ±¡æŸ“å’ŒæŠ•å…¥ä¸è…¿éƒ¨', '', '', '', 0, 0),
(9, 'å­™æ³½æ•', '0', 22, '12345678901', '', 'æ±¡æŸ“å’ŒæŠ•å…¥ä¸è…¿éƒ¨', '', '', '', 0, 0),
(10, 'å­™æ³½æ•', '0', 22, '12345678901', '', 'æ±¡æŸ“å’ŒæŠ•å…¥ä¸è…¿éƒ¨', '', '', '', 0, 0),
(11, 'å­™æ³½æ•', '0', 11, '12345678901', '', '', '', '', '', 0, 0),
(12, '', '0', 0, '', '', '', '', '', '', 0, 0),
(13, 'ffff', '0', 11, '15339292939', 'çœ‹ï¼Œè§é¢ä¼šé‚£ä¸ªéƒ¨åˆ†', 'åœ°æ–¹æ¢ä¸ªç¯å¢ƒå¯ä»¥é€€è´§äººæ²Ÿé€šä¼šå°½å¿«ï¼Œè¿˜æ²¡æœ‰å¬è¿‡å§', '', '', '', 0, 0),
(14, 'å­™æ³½æ•', '0', 23, '12345678901', '1234567', 'æŒ–äººå’Œä»–äººæ‰‹ä¸€ä»¶ç—›è‹¦ä¸', '', '', '', 0, 0),
(15, 'å­™æ³½æ•', '0', 23, '12345678901', '1234567', 'æŒ–äººå’Œä»–äººæ‰‹ä¸€ä»¶ç—›è‹¦ä¸', '', '', '', 0, 0),
(16, 'å­™æ³½æ•', '0', 23, '12345678901', '1234567', 'æŒ–äººå’Œä»–äººæ‰‹ä¸€ä»¶ç—›è‹¦ä¸', '', '', '', 0, 0),
(17, 'å“ˆå“ˆå“ˆ', '0', 11, '12345678901', '12345678', 'çƒ­æ¡ä»¶ä¸å“¦', '', '', '', 0, 0),
(18, 'å“ˆå“ˆå“ˆ', '0', 11, '12345678901', '12345678', 'çƒ­æ¡ä»¶ä¸å“¦', '', '', '', 0, 0),
(19, 'ç½‘', '0', 34, '12345678901', '', '', '', '', '', 0, 0),
(20, 'WEGERHATRYJT', 'on', 11, '', '', '', '', '', '', 0, 0),
(21, 'akvsucj,', 'on', 0, '', '', '', '', '', '', 0, 0),
(22, 'å“ˆå“ˆå“ˆ', 'on', 0, '', '', '', '', '', '', 0, 0),
(23, 'æˆ‘è®©å„¿ç«¥ä¼šæ­»äººå¤æ´»å—', 'on', 0, '', '', '', '', '', '', 0, 0),
(24, 'è¯·é¢å¤–çƒ­å¤ªçƒ­', 'on', 0, '', '', '', '', '', '', 0, 0);

-- --------------------------------------------------------

--
-- è¡¨çš„ç»“æ„ `zs_footer`
--

CREATE TABLE IF NOT EXISTS `zs_footer` (
  `fid` int(10) NOT NULL AUTO_INCREMENT COMMENT 'åº•éƒ¨ä¿¡æ¯ID',
  `ftelephone` varchar(100) NOT NULL COMMENT 'çƒ­çº¿ç”µè¯',
  `faddress` varchar(255) NOT NULL COMMENT 'åœ°å€',
  `ffax` varchar(100) NOT NULL COMMENT 'ä¼ çœŸå·ç ',
  `femail` varchar(255) NOT NULL COMMENT 'E-mail',
  `frecord` varchar(100) NOT NULL COMMENT 'å¤‡æ¡ˆå·',
  `ferweima` varchar(255) NOT NULL COMMENT 'äºŒç»´ç ',
  `fsort` int(10) NOT NULL COMMENT 'æ’åº',
  PRIMARY KEY (`fid`)
) ENGINE=MyISAM  DEFAULT CHARSET=utf8 COMMENT='åº•éƒ¨ä¿¡æ¯' AUTO_INCREMENT=2 ;

--
-- è½¬å­˜è¡¨ä¸­çš„æ•°æ® `zs_footer`
--

INSERT INTO `zs_footer` (`fid`, `ftelephone`, `faddress`, `ffax`, `femail`, `frecord`, `ferweima`, `fsort`) VALUES
(1, '1234567', 'æŒ¨ä¸ªé€äººçš„æ±‡æ·»å¯Œ', 'é˜¿é“å¤«', '1234', '1232435', '/Public/editor/attached/image/20181012/20181012090106_81919.jpg', 0);

-- --------------------------------------------------------

--
-- è¡¨çš„ç»“æ„ `zs_friend_url`
--

CREATE TABLE IF NOT EXISTS `zs_friend_url` (
  `fu_id` int(10) NOT NULL AUTO_INCREMENT COMMENT 'å‹æƒ…é“¾æ¥ID',
  `fu_image` varchar(255) NOT NULL COMMENT 'é“¾æ¥å›¾ç‰‡',
  `fu_url` varchar(255) NOT NULL COMMENT 'é“¾æ¥è·¯å¾„',
  `fu_sort` int(10) NOT NULL COMMENT 'æ’åº',
  PRIMARY KEY (`fu_id`)
) ENGINE=MyISAM  DEFAULT CHARSET=utf8 COMMENT='å‹æƒ…é“¾æ¥è¡¨' AUTO_INCREMENT=5 ;

--
-- è½¬å­˜è¡¨ä¸­çš„æ•°æ® `zs_friend_url`
--

INSERT INTO `zs_friend_url` (`fu_id`, `fu_image`, `fu_url`, `fu_sort`) VALUES
(1, '/Public/editor/attached/image/20181017/20181017061210_14216.jpg', 'é—®é¢˜', 0),
(2, '/Public/editor/attached/image/20181017/20181017104151_65483.png', 'å›å®¶é—®é—®çƒ­å…±åŒ', 0),
(3, '/Public/editor/attached/image/20181018/20181018014943_64503.jpg', 'wert', 0),
(4, '/Public/editor/attached/image/20181018/20181018014957_21011.jpg', 'wret', 0);

-- --------------------------------------------------------

--
-- è¡¨çš„ç»“æ„ `zs_job`
--

CREATE TABLE IF NOT EXISTS `zs_job` (
  `jid` int(10) NOT NULL AUTO_INCREMENT COMMENT 'èŒä½ID',
  `jname` varchar(100) NOT NULL COMMENT 'æ‹›è˜äººå§“å',
  `jjob` varchar(100) NOT NULL COMMENT 'æ‹›è˜èŒä½',
  `jnum` varchar(100) NOT NULL COMMENT 'æ‹›è˜äººæ•°',
  `jrequire` text NOT NULL COMMENT 'æ‹›è˜è¦æ±‚',
  `jmethod` text NOT NULL COMMENT 'åº”è˜æ–¹å¼',
  `jresponsible` text NOT NULL COMMENT 'ä¸»è¦ä»»åŠ¡',
  `jsort` int(10) NOT NULL COMMENT 'æ’åº',
  `nav_id` int(11) NOT NULL COMMENT 'å¯¼èˆªID',
  PRIMARY KEY (`jid`)
) ENGINE=MyISAM  DEFAULT CHARSET=utf8 COMMENT='æ‹›è˜èŒä½ä¿¡æ¯' AUTO_INCREMENT=4 ;

--
-- è½¬å­˜è¡¨ä¸­çš„æ•°æ® `zs_job`
--

INSERT INTO `zs_job` (`jid`, `jname`, `jjob`, `jnum`, `jrequire`, `jmethod`, `jresponsible`, `jsort`, `nav_id`) VALUES
(1, 'å“ˆå“ˆå“ˆ', 'æ•°å­¦', '2', '4ç©æ„å„¿å°±å®¹æ˜“', 'æ²ƒå°”ç‰¹äººæ²¡æœ‰çš„å¤´å‘å°±ä¼š', 'æ±¡æŸ“å’ŒæŠ•å…¥ä½ è¿˜æ²¡', 0, 0),
(3, 'å¤´å‘éŸ©å›½å°±å¾ˆéš¾çœ‹', 'åˆ†å¼€äº†', '2', 'tffuygiuijokpl', 'ä»–è¦å’Œä½ èŠ‚å¼€å¹•', 'å¦‚ä½•ä¸æ•‘ä½ ', 0, 2);

-- --------------------------------------------------------

--
-- è¡¨çš„ç»“æ„ `zs_leader_speech`
--

CREATE TABLE IF NOT EXISTS `zs_leader_speech` (
  `ls_id` int(10) NOT NULL AUTO_INCREMENT COMMENT 'è‡´è¾ID',
  `ls_content` text NOT NULL COMMENT 'è‡´è¾å†…å®¹',
  `ls_sort` int(10) NOT NULL COMMENT 'æ’åº',
  `nav_id` int(10) NOT NULL COMMENT 'å¯¼èˆªID',
  PRIMARY KEY (`ls_id`)
) ENGINE=MyISAM  DEFAULT CHARSET=utf8 COMMENT='é¢†å¯¼è‡´è¾è¡¨' AUTO_INCREMENT=3 ;

--
-- è½¬å­˜è¡¨ä¸­çš„æ•°æ® `zs_leader_speech`
--

INSERT INTO `zs_leader_speech` (`ls_id`, `ls_content`, `ls_sort`, `nav_id`) VALUES
(1, 'çº¬äºŒè·¯', 0, 15);

-- --------------------------------------------------------

--
-- è¡¨çš„ç»“æ„ `zs_link_us`
--

CREATE TABLE IF NOT EXISTS `zs_link_us` (
  `lu_id` int(10) NOT NULL AUTO_INCREMENT COMMENT 'è”ç³»æˆ‘ä»¬ID',
  `lu_sort` int(10) NOT NULL COMMENT 'æ’åº',
  `lu_map` text NOT NULL COMMENT 'åœ°å›¾',
  `lu_qq` varchar(100) NOT NULL COMMENT 'QQ',
  `lu_erweima` varchar(255) NOT NULL COMMENT 'å¾®ä¿¡',
  `lu_telephone` varchar(100) NOT NULL COMMENT 'çƒ­çº¿ç”µè¯',
  `nav_id` int(11) NOT NULL COMMENT 'å¯¼èˆªID',
  PRIMARY KEY (`lu_id`)
) ENGINE=MyISAM  DEFAULT CHARSET=utf8 COMMENT='è”ç³»æˆ‘ä»¬ä¿¡æ¯è¡¨' AUTO_INCREMENT=2 ;

--
-- è½¬å­˜è¡¨ä¸­çš„æ•°æ® `zs_link_us`
--

INSERT INTO `zs_link_us` (`lu_id`, `lu_sort`, `lu_map`, `lu_qq`, `lu_erweima`, `lu_telephone`, `nav_id`) VALUES
(1, 0, '<iframe src="http://127.0.0.1/Public/editor/plugins/baidumap/index.html?center=108.954344%2C34.239189&zoom=13&width=558&height=360&markers=108.954344%2C34.239189&markerStyles=l%2CA" frameborder="0" style="width:560px;height:362px;">\r\n</iframe>', '1232453', '/Public/editor/attached/image/20181026/20181026083829_22249.jpg', '1234', 11);

-- --------------------------------------------------------

--
-- è¡¨çš„ç»“æ„ `zs_lunbo`
--

CREATE TABLE IF NOT EXISTS `zs_lunbo` (
  `lb_id` int(10) NOT NULL AUTO_INCREMENT COMMENT 'è½®æ’­ID',
  `lb_image` varchar(255) NOT NULL COMMENT 'è½®æ’­å›¾ç‰‡',
  `lb_url` varchar(255) NOT NULL COMMENT 'è½®æ’­é“¾æ¥',
  `lb_sort` int(10) NOT NULL COMMENT 'æ’åº',
  `lb_flag` int(10) NOT NULL COMMENT '0-ä»£è¡¨æ‰‹æœºï¼Œ1-ä»£è¡¨PCï¼Œ2-ä»£è¡¨æ‰‹æœºå’ŒPCç«¯',
  `nav_id` int(10) NOT NULL COMMENT 'å¯¼èˆªID',
  PRIMARY KEY (`lb_id`)
) ENGINE=MyISAM  DEFAULT CHARSET=utf8 COMMENT='è½®æ’­ä¿¡æ¯è¡¨' AUTO_INCREMENT=8 ;

--
-- è½¬å­˜è¡¨ä¸­çš„æ•°æ® `zs_lunbo`
--

INSERT INTO `zs_lunbo` (`lb_id`, `lb_image`, `lb_url`, `lb_sort`, `lb_flag`, `nav_id`) VALUES
(1, '/Public/editor/attached/image/20181012/20181012070912_52536.jpg', 'fwretryt', 0, 0, 0),
(3, '/Public/editor/attached/image/20181012/20181012073756_64786.jpg', 'grhtyjrtuky', 0, 0, 0),
(4, '/Public/editor/attached/image/20181012/20181012073817_68719.jpg', '', 0, 0, 0),
(5, '/Public/editor/attached/image/20181012/20181012073833_55104.jpg', '', 0, 0, 0);

-- --------------------------------------------------------

--
-- è¡¨çš„ç»“æ„ `zs_nav`
--

CREATE TABLE IF NOT EXISTS `zs_nav` (
  `nav_id` int(10) NOT NULL AUTO_INCREMENT COMMENT 'å¯¼èˆªID',
  `nav_name` varchar(100) NOT NULL COMMENT 'å¯¼èˆªåç§°',
  `nav_url` varchar(255) NOT NULL COMMENT 'å¯¼èˆªé“¾æ¥',
  `nav_sort` int(10) NOT NULL COMMENT 'æ’åº',
  `nav_state` int(10) NOT NULL COMMENT '0-ä¸æ¨èåˆ°é¦–é¡µï¼Œ1-æ¨èåˆ°é¦–é¡µ',
  `fid` int(10) NOT NULL COMMENT 'çˆ¶çº§å¯¼èˆªID',
  PRIMARY KEY (`nav_id`)
) ENGINE=MyISAM  DEFAULT CHARSET=utf8 COMMENT='å¯¼èˆªä¿¡æ¯è¡¨' AUTO_INCREMENT=30 ;

--
-- è½¬å­˜è¡¨ä¸­çš„æ•°æ® `zs_nav`
--

INSERT INTO `zs_nav` (`nav_id`, `nav_name`, `nav_url`, `nav_sort`, `nav_state`, `fid`) VALUES
(2, 'å…³äºæˆ‘ä»¬', '/index.php/Home/Index/aboutUs', 0, 1, 0),
(3, 'ä¸»è¥ä¸šåŠ¡', '/index.php/Home/Index/primarywork', 0, 0, 0),
(4, 'åŠ³åŠ¡æ´¾é£', '/index.php/Home/Index/business', 0, 0, 0),
(5, 'æ‹›è˜å¤–åŒ…', '/index.php/Home/Index/business', 0, 0, 0),
(6, 'ç¤¾ä¿ä»£ç†', '/index.php/Home/Index/business', 0, 0, 0),
(7, 'ä¼ä¸šåŸ¹è®­', '/index.php/Home/Index/business', 0, 0, 0),
(8, 'æ–°é—»èµ„è®¯', '/index.php/Home/Index/news', 0, 0, 0),
(9, 'æ”¿ç­–æ³•è§„', '/index.php/Home/Index/policy', 0, 0, 0),
(10, 'äººæ‰æ‹›è˜', '/index.php/Home/Index/recruit', 0, 0, 0),
(11, 'è”ç³»æˆ‘ä»¬', '/index.php/Home/Index/contact', 0, 0, 0),
(12, 'å…¬å¸ç®€ä»‹', '/index.php/Home/Index/introduction', 0, 0, 2),
(13, 'ä¼ä¸šæ–‡åŒ–', '/index.php/Home/Index/Culture', 0, 0, 2),
(14, 'èµ„è´¨è£èª‰', '/index.php/Home/Index/Qualifications', 0, 0, 2),
(15, 'é¢†å¯¼è‡´è¾', '/index.php/Home/Index/Speech', 0, 0, 2),
(16, 'æœåŠ¡ä¼˜åŠ¿', '/index.php/Home/Index/advantage', 0, 0, 2),
(17, 'è”ç³»æˆ‘ä»¬', '/index.php/Home/Index/lianxi', 0, 0, 2),
(18, 'äººåŠ›èµ„æºå¤–åŒ…', '/index.php/Home/Index/business', 0, 0, 3),
(19, 'äººäº‹ä»£ç†', '/index.php/Home/Index/business', 0, 0, 3),
(20, 'ä¸šåŠ¡æµç¨‹å¤–åŒ…', '/index.php/Home/Index/business', 0, 0, 3),
(21, 'ä¼ä¸šåŸ¹è®­', '/index.php/Home/Index/business', 0, 0, 3),
(22, 'è¡Œä¸šèµ„è®¯', '/index.php/Home/Index/news', 0, 0, 8),
(23, 'ä¼ä¸šæ–°é—»', '/index.php/Home/Index/news', 0, 0, 8),
(24, 'æ”¿ç­–æ³•è§„', '/index.php/Home/Index/questions2', 0, 0, 9),
(25, 'å¸¸è§é—®é¢˜', '/index.php/Home/Index/questions1', 0, 0, 9),
(28, 'å…¬å¸ä¸å›¢é˜Ÿ', '/index.php/Home/Index/team', 0, 1, 2);

-- --------------------------------------------------------

--
-- è¡¨çš„ç»“æ„ `zs_news_article`
--

CREATE TABLE IF NOT EXISTS `zs_news_article` (
  `na_id` int(10) NOT NULL AUTO_INCREMENT COMMENT 'æ–°é—»Id',
  `na_title` varchar(255) NOT NULL COMMENT 'æ–°é—»æ ‡é¢˜',
  `na_content` text NOT NULL COMMENT 'æ–°é—»å†…å®¹',
  `na_update` int(10) NOT NULL COMMENT 'æ›´æ–°æ—¶é—´',
  `na_click` int(10) NOT NULL COMMENT 'ç‚¹å‡»æ•°é‡',
  `na_image` varchar(255) NOT NULL COMMENT 'å›¾ç‰‡',
  `na_sort` int(10) NOT NULL COMMENT 'æ’åº',
  `nc_id` int(10) NOT NULL COMMENT 'åˆ†ç±»ID',
  PRIMARY KEY (`na_id`)
) ENGINE=MyISAM  DEFAULT CHARSET=utf8 COMMENT='æ–°é—»æ–‡ç« ä¿¡æ¯è¡¨' AUTO_INCREMENT=10 ;

--
-- è½¬å­˜è¡¨ä¸­çš„æ•°æ® `zs_news_article`
--

INSERT INTO `zs_news_article` (`na_id`, `na_title`, `na_content`, `na_update`, `na_click`, `na_image`, `na_sort`, `nc_id`) VALUES
(1, 'é¢äº”ä¸ªäººå’Œ', 'ç®¡å§”ä¼š&lt;img src=&quot;/Public/editor/attached/image/20181015/20181015035813_69026.jpg&quot; alt=&quot;&quot; /&gt;', 1539669976, 0, '/Public/editor/attached/image/20181015/20181015035830_63031.jpg', 0, 1),
(2, 'å¥½çš„å¤´å‘å°±èµ¶å¿«', 'å’Œçªç„¶é—´', 1539579904, 0, '/Public/editor/attached/image/20181015/20181015040328_30937.jpg', 0, 1),
(4, '4tytu', '5rtykuiu', 1539670355, 0, '/Public/editor/attached/image/20181016/20181016061232_23548.jpg', 0, 1),
(7, 'gwhej5ky', 'efgq3h54w6je57k6riq&nbsp; &nbsp; w4e5rj6ty', 1539826914, 0, '/Public/editor/attached/image/20181018/20181018014153_69716.jpg', 0, 2),
(8, 'ewtrytyiy', 'ewrehtrjytkulyhetrjytiu', 1539825397, 0, '/Public/editor/attached/image/20181018/20181018011634_93784.jpg', 0, 2),
(9, 'wreutryitkuyli', 'qwEUARITLUY;IRUTO/', 1539939496, 0, '/Public/editor/attached/image/20181019/20181019085815_90458.jpg', 0, 2);

-- --------------------------------------------------------

--
-- è¡¨çš„ç»“æ„ `zs_news_classify`
--

CREATE TABLE IF NOT EXISTS `zs_news_classify` (
  `nc_id` int(10) NOT NULL AUTO_INCREMENT COMMENT 'æ–°é—»åˆ†ç±»ID',
  `nc_name` varchar(100) NOT NULL COMMENT 'åˆ†ç±»åç§°',
  `nc_sort` int(10) NOT NULL COMMENT 'æ’åº',
  `nav_id` int(11) NOT NULL COMMENT 'å¯¼èˆªID',
  PRIMARY KEY (`nc_id`)
) ENGINE=MyISAM  DEFAULT CHARSET=utf8 COMMENT='æ–°é—»åˆ†ç±»ä¿¡æ¯è¡¨' AUTO_INCREMENT=5 ;

--
-- è½¬å­˜è¡¨ä¸­çš„æ•°æ® `zs_news_classify`
--

INSERT INTO `zs_news_classify` (`nc_id`, `nc_name`, `nc_sort`, `nav_id`) VALUES
(1, 'è¡Œä¸šèµ„è®¯', 0, 22),
(2, 'ä¼ä¸šæ–°é—»', 0, 23);

-- --------------------------------------------------------

--
-- è¡¨çš„ç»“æ„ `zs_policy_article`
--

CREATE TABLE IF NOT EXISTS `zs_policy_article` (
  `pa_id` int(10) NOT NULL AUTO_INCREMENT COMMENT 'æ”¿ç­–æ–‡ç« id',
  `pa_title` varchar(255) NOT NULL COMMENT 'æ–‡ç« æ ‡é¢˜',
  `pa_content` text NOT NULL COMMENT 'æ–‡ç« å†…å®¹',
  `pa_update` varchar(100) NOT NULL COMMENT 'æ›´æ–°æ—¶é—´',
  `pa_click` int(10) NOT NULL COMMENT 'ç‚¹å‡»æ•°',
  `pa_sort` int(11) NOT NULL COMMENT 'æ’åº',
  `pc_id` int(10) NOT NULL COMMENT 'åˆ†ç±»ID',
  PRIMARY KEY (`pa_id`)
) ENGINE=MyISAM  DEFAULT CHARSET=utf8 COMMENT='æ”¿ç­–æ–‡ç« ' AUTO_INCREMENT=6 ;

--
-- è½¬å­˜è¡¨ä¸­çš„æ•°æ® `zs_policy_article`
--

INSERT INTO `zs_policy_article` (`pa_id`, `pa_title`, `pa_content`, `pa_update`, `pa_click`, `pa_sort`, `pc_id`) VALUES
(1, 'å¦‚å§”æ‰˜äººäº¤', 'å›´ç»•æŠ•å…¥ä½¿ç”¨ä½“è‚²åˆ˜', '1540526052', 0, 1, 1),
(2, 'hetrytu', '645786i7o', '1539673937', 0, 0, 1),
(3, 'ewrethryjt', 'wretrytuy', '1539827219', 0, 0, 2),
(4, 'è¦…å±äºä¸¤ä¸ªåœ°å—', 'å¤§ä¸ºå„¿ç«¥ç”Ÿæ—¥ä¸å»ºè®®å¯ï¼Œ&nbsp;', '1539827920', 0, 0, 2),
(5, 'å›´ç»•å„¿ç«¥æˆäººäºˆé±¼', 'åª³å¦‡ä¹–ã€ç ´ä»TVå›å®¶', '1539827959', 0, 0, 2);

-- --------------------------------------------------------

--
-- è¡¨çš„ç»“æ„ `zs_policy_classify`
--

CREATE TABLE IF NOT EXISTS `zs_policy_classify` (
  `pc_id` int(10) NOT NULL AUTO_INCREMENT COMMENT 'æ”¿ç­–åˆ†ç±»ID',
  `pc_name` varchar(100) NOT NULL COMMENT 'æ”¿ç­–åˆ†ç±»åç§°',
  `pc_sort` int(11) NOT NULL COMMENT 'æ’åº',
  `nav_id` int(10) NOT NULL COMMENT 'å¯¼èˆªID',
  PRIMARY KEY (`pc_id`)
) ENGINE=MyISAM  DEFAULT CHARSET=utf8 COMMENT='æ”¿ç­–åˆ†ç±»ä¿¡æ¯è¡¨' AUTO_INCREMENT=3 ;

--
-- è½¬å­˜è¡¨ä¸­çš„æ•°æ® `zs_policy_classify`
--

INSERT INTO `zs_policy_classify` (`pc_id`, `pc_name`, `pc_sort`, `nav_id`) VALUES
(1, 'æ”¿ç­–æ³•è§„', 0, 9),
(2, 'å¸¸è§é—®é¢˜', 0, 25);

-- --------------------------------------------------------

--
-- è¡¨çš„ç»“æ„ `zs_primary_article`
--

CREATE TABLE IF NOT EXISTS `zs_primary_article` (
  `pa_id` int(10) NOT NULL AUTO_INCREMENT COMMENT 'ä¸šåŠ¡æ–‡ç« ID',
  `pa_content` text NOT NULL COMMENT 'ä¸šåŠ¡æ–‡ç« å†…å®¹',
  `pa_sort` int(10) NOT NULL COMMENT 'æ’åº',
  `pw_id` int(11) NOT NULL COMMENT 'æ‰€å±åˆ†ç±»ID',
  PRIMARY KEY (`pa_id`)
) ENGINE=MyISAM  DEFAULT CHARSET=utf8 COMMENT='ä¸»è¥ä¸šåŠ¡å†…å®¹ä¿¡æ¯è¡¨' AUTO_INCREMENT=15 ;

--
-- è½¬å­˜è¡¨ä¸­çš„æ•°æ® `zs_primary_article`
--

INSERT INTO `zs_primary_article` (`pa_id`, `pa_content`, `pa_sort`, `pw_id`) VALUES
(4, 'å®‰æ…°äººHETJYR', 0, 2),
(5, 'R3T4YJUKTBRNETMR', 0, 3),
(6, 'Q4W354J6YRKTU,Y', 0, 4),
(7, 'æƒ…æ­Œç‹å’Œå¥åº·', 0, 1),
(8, '&nbsp; &nbsp; ä¸ªäººåˆåŒäººå‘˜æ¯å¤©ï¼Œu2', 0, 5),
(9, 'qGEWRHAETJRYT', 0, 6),
(10, 'WEraehtjsryktduyl,', 0, 7),
(11, 'å´WETANRYMT', 0, 8),
(12, 'WRBETNRYMT,Y', 0, 9),
(13, 'y4wa5eusr6ydtkuylfiu', 0, 11),
(14, 'werezthrxyjyukhjlk', 0, 10);

-- --------------------------------------------------------

--
-- è¡¨çš„ç»“æ„ `zs_primary_work`
--

CREATE TABLE IF NOT EXISTS `zs_primary_work` (
  `pw_id` int(10) NOT NULL AUTO_INCREMENT COMMENT 'ä¸»è¥ä¸šåŠ¡ID',
  `pw_name` varchar(100) NOT NULL COMMENT 'ä¸»è¥ä¸šåŠ¡åç§°',
  `pw_sort` int(10) NOT NULL COMMENT 'æ’åº',
  `pw_image` varchar(255) NOT NULL COMMENT 'å›¾æ ‡',
  `pw_flag` int(10) NOT NULL COMMENT '0-ä¸æ¨èåˆ°é¦–é¡µï¼Œ1-æ¨èåˆ°é¦–é¡µ',
  `pwc_id` int(10) NOT NULL COMMENT 'ä¸»è¥ä¸šåŠ¡åˆ†ç±»ID',
  PRIMARY KEY (`pw_id`)
) ENGINE=MyISAM  DEFAULT CHARSET=utf8 COMMENT='ä¸»è¥ä¸šåŠ¡ä¿¡æ¯è¡¨' AUTO_INCREMENT=12 ;

--
-- è½¬å­˜è¡¨ä¸­çš„æ•°æ® `zs_primary_work`
--

INSERT INTO `zs_primary_work` (`pw_id`, `pw_name`, `pw_sort`, `pw_image`, `pw_flag`, `pwc_id`) VALUES
(1, 'åŠ³åŠ¡æ´¾é£', 1, '/Public/editor/attached/image/20181017/20181017073908_69021.png', 1, 1),
(2, 'ç¤¾ä¿ä»£ç†', 0, '/Public/editor/attached/image/20181018/20181018093311_29033.png', 1, 2),
(3, 'ä½æˆ¿å…¬ç§¯é‡‘ä»£ç¼´', 0, '/Public/editor/attached/image/20181018/20181018093333_67041.png', 0, 2),
(4, 'è–ªé…¬ç®¡ç†', 0, '/Public/editor/attached/image/20181018/20181018093352_85794.png', 0, 2),
(5, 'è–ªé…¬ç®¡ç†', 0, '/Public/editor/attached/image/20181018/20181018103026_68856.png', 0, 1),
(6, 'å²—ä½å¤–åŒ…', 0, '/Public/editor/attached/image/20181018/20181018103622_52239.png', 1, 3),
(7, 'ç”Ÿäº§çº¿å¤–åŒ…', 0, '/Public/editor/attached/image/20181018/20181018103704_14551.png', 0, 3),
(8, 'ç»¼åˆç´ è´¨åŸ¹å…»', 0, '/Public/editor/attached/image/20181018/20181018104424_12189.png', 0, 4),
(9, 'ä¸“ä¸šæŠ€èƒ½åŸ¹å…»', 0, '/Public/editor/attached/image/20181018/20181018104453_18951.png', 0, 4),
(10, 'æ‹›è˜å¤–åŒ…', 0, '/Public/editor/attached/image/20181022/20181022052948_58411.png', 1, 1),
(11, 'qWYREHTJ', 0, '/Public/editor/attached/image/20181022/20181022103543_68205.png', 0, 1);

-- --------------------------------------------------------

--
-- è¡¨çš„ç»“æ„ `zs_primary_work_classify`
--

CREATE TABLE IF NOT EXISTS `zs_primary_work_classify` (
  `pwc_id` int(10) NOT NULL AUTO_INCREMENT COMMENT 'ä¸»è¥ä¸šåŠ¡åˆ†ç±»ID',
  `pwc_name` varchar(100) NOT NULL COMMENT 'ä¸»è¥ä¸šåŠ¡åˆ†ç±»åç§°',
  `pwc_sort` int(11) NOT NULL COMMENT 'æ’åº',
  `pwc_image` varchar(255) NOT NULL COMMENT 'å›¾æ ‡',
  `nav_id` int(10) NOT NULL COMMENT 'æ‰€å±å¯¼èˆªID',
  `pwc_flag` int(10) NOT NULL COMMENT '0-ä¸æ¨é€å¯¼èˆªï¼Œ1-æ¨é€åˆ°å¯¼èˆª',
  PRIMARY KEY (`pwc_id`)
) ENGINE=MyISAM  DEFAULT CHARSET=utf8 COMMENT='ä¸»è¥ä¸šåŠ¡åˆ†ç±»ä¿¡æ¯è¡¨' AUTO_INCREMENT=5 ;

--
-- è½¬å­˜è¡¨ä¸­çš„æ•°æ® `zs_primary_work_classify`
--

INSERT INTO `zs_primary_work_classify` (`pwc_id`, `pwc_name`, `pwc_sort`, `pwc_image`, `nav_id`, `pwc_flag`) VALUES
(1, 'äººåŠ›èµ„æºå¤–åŒ…', 0, '/Public/editor/attached/image/20181017/20181017073756_65670.png', 18, 0),
(2, 'äººäº‹ä»£ç†', 0, '/Public/editor/attached/image/20181017/20181017073813_20327.png', 19, 0),
(3, 'ä¸šåŠ¡æµç¨‹å¤–åŒ…', 0, '/Public/editor/attached/image/20181017/20181017073828_50111.png', 20, 0),
(4, 'ä¼ä¸šåŸ¹è®­', 0, '/Public/editor/attached/image/20181017/20181017073843_14446.png', 21, 0);

-- --------------------------------------------------------

--
-- è¡¨çš„ç»“æ„ `zs_proper_bussiness`
--

CREATE TABLE IF NOT EXISTS `zs_proper_bussiness` (
  `pb_id` int(10) NOT NULL AUTO_INCREMENT COMMENT 'é€‚ç”¨è¡Œä¸šID',
  `pb_name` varchar(100) NOT NULL COMMENT 'è¡Œä¸šåç§°',
  `pb_image` varchar(255) NOT NULL COMMENT 'å›¾ç‰‡',
  `pb_sort` int(10) NOT NULL COMMENT 'æ’åº',
  `nav_id` int(10) NOT NULL COMMENT 'å¯¼èˆªID',
  PRIMARY KEY (`pb_id`)
) ENGINE=MyISAM  DEFAULT CHARSET=utf8 COMMENT='é€‚åˆè¡Œä¸šä¿¡æ¯è¡¨' AUTO_INCREMENT=5 ;

--
-- è½¬å­˜è¡¨ä¸­çš„æ•°æ® `zs_proper_bussiness`
--

INSERT INTO `zs_proper_bussiness` (`pb_id`, `pb_name`, `pb_image`, `pb_sort`, `nav_id`) VALUES
(1, 'æ‰èƒ½', '/Public/editor/attached/image/20181017/20181017083826_62594.jpg', 1, 0),
(3, 'wreytr', '/Public/editor/attached/image/20181018/20181018011254_83685.jpg', 0, 0),
(4, 'rt4yhnm', '/Public/editor/attached/image/20181018/20181018011309_13716.jpg', 0, 0);

-- --------------------------------------------------------

--
-- è¡¨çš„ç»“æ„ `zs_service_advantage`
--

CREATE TABLE IF NOT EXISTS `zs_service_advantage` (
  `sa_id` int(10) NOT NULL AUTO_INCREMENT COMMENT 'æœåŠ¡ä¼˜åŠ¿ID',
  `sa_advantage_classify` varchar(255) NOT NULL COMMENT 'ä¼˜åŠ¿åˆ†ç±»',
  `sa_advantage_title` varchar(255) NOT NULL COMMENT 'ä¼˜åŠ¿æ ‡é¢˜',
  `sa_advantage_content` text NOT NULL COMMENT 'ä¼˜åŠ¿ä»‹ç»',
  `sa_image` varchar(255) NOT NULL COMMENT 'ä¼˜åŠ¿å›¾ç‰‡',
  `sa_sort` int(10) NOT NULL COMMENT 'æ’åº',
  PRIMARY KEY (`sa_id`)
) ENGINE=MyISAM  DEFAULT CHARSET=utf8 COMMENT='æœåŠ¡ä¼˜åŠ¿ä¿¡æ¯è¡¨' AUTO_INCREMENT=3 ;

--
-- è½¬å­˜è¡¨ä¸­çš„æ•°æ® `zs_service_advantage`
--

INSERT INTO `zs_service_advantage` (`sa_id`, `sa_advantage_classify`, `sa_advantage_title`, `sa_advantage_content`, `sa_image`, `sa_sort`) VALUES
(1, 'ä»¥å†…45', '3546576UI', '31æ—¥4é¢˜5æœ‰6ä¹›', '/Public/editor/attached/image/20181015/20181015015158_64555.jpg', 0);

/*!40101 SET CHARACTER_SET_CLIENT=@OLD_CHARACTER_SET_CLIENT */;
/*!40101 SET CHARACTER_SET_RESULTS=@OLD_CHARACTER_SET_RESULTS */;
/*!40101 SET COLLATION_CONNECTION=@OLD_COLLATION_CONNECTION */;
